well_id,n_pred,rmse_constant,rmse_linear_md,rmse_linear_z,rmse_oracle_const
000d7d20,3836,7.454442102844319,44.139829639121466,280.7681927953603,5.090630741193239
00bbac68,6014,15.263052288602681,54.61297794129986,88.20516859641278,15.053272651832188
00e12e8b,4301,7.92458894231589,108.03383467917173,1388.3462276798386,7.88802828853748
015fe0d2,4296,23.154889673287215,53.07311569428865,23.26275049098308,12.087313587971714
01869cd4,5557,10.618593023436276,21.611263093432946,16.344511447730913,9.632945661129613
01982c1d,3941,6.33452473981023,54.4476886117273,138.98023064189292,5.607075555273917
028d7b28,6234,7.393605105422137,107.04976943243119,80.88094373229184,7.169432792830026
02e7fe5a,5108,8.414429717261077,96.0086806260844,660.012985893894,5.213626750295793
0390d174,4411,8.517417217402954,67.47852710328199,43.8490599333115,8.350875896519904
03a935ae,2786,35.05448621305352,6.235793036384461,8.637080113054909,16.29628527313592
044af7d1,4519,9.868136513863366,90.59507725686883,33.74409166741771,5.9080808258663415
0498acab,4798,5.996139045372776,153.74226164473149,59.81178993338954,5.254012088819507
052d64df,2445,7.3962717049147795,9.608698919099872,8.706932499912266,7.378112565528154
05948241,3879,4.995769989509691,49.293537427240366,30.934780710714065,3.8751715021754998
059c8f24,6258,10.912174729109239,113.08321516978215,135.74322587135555,7.503276414092306
05a0ee4d,4348,18.344706956532814,78.56533607666223,99.84703402582532,13.401513426535653
060ab2b8,6258,9.048312196834127,34.48322357521157,154.63996744845014,6.046651618010916
06df5958,3509,3.0884860085517194,6.606872681318182,6.510193250450199,2.951703477166685
071d7b45,3211,17.11579247751261,55.12422567663704,204.14879333021193,5.0148374083902345
0849b4e2,5537,14.567522114617379,17.61368057399353,35.203052470739586,11.873451758990758
084d66f9,3885,10.693040191903986,9.7548595933377,9.64742272805314,9.305670024641302
08fecf00,5574,4.759806836739511,32.21049865567885,51.90408868864059,4.366299684514995
09053135,5907,13.261553626472297,55.65576957782315,72.58677647318473,5.067963768472592
09441b8d,5488,15.9390645279074,38.215682040068124,49.56228597380354,9.693515397293075
0955cd6c,5195,8.023088122545198,10.008433414108415,20.06794851327335,5.67875493625362
09ec2ca9,5885,6.13281698431714,90.42977263106772,209.63909651828416,5.578172978524545
0a57a29c,5821,6.952723985070934,55.05630548460676,44.01795625660184,4.062359323838058
0bbf5e67,4298,18.377119492009776,153.6339124587028,163.41120811345405,6.435312090553512
0be01c24,4738,8.273369324203173,24.123572414970955,18.499440502951714,4.797905994766907
0c1b160c,5054,8.432276859497074,19.7085727649479,21.408479332714446,7.669318636435799
0d99f8e4,5823,9.343320012239094,33.22696822602092,35.6495278200685,7.066600018744214
0dc5e64d,4879,18.008822359134772,16.213831072928393,36.45613459535387,16.217908672237858
0dc835f3,4428,7.2297789729208715,56.053618442125284,196.16919219795665,6.527577920679385
0dd99dc5,7342,8.234632190411654,124.67528419773512,495.25762806385376,7.243621255909654
0e5e560d,3253,10.293900986020363,71.57585084853378,150.86497243943248,6.479249712060275
109d9d70,4215,9.371137061320914,35.40474406355304,23.43947173486235,7.804460930449202
10a1281a,5609,3.5911852573850855,49.14929544239902,30.787844034742555,2.5685469353392154
10b89021,5414,14.721334704881999,46.866212656888784,17.421232477687944,4.839122480056388
10be2420,3271,13.259451874685324,13.082567305421229,17.067784263033435,6.462350560870166
113011eb,3272,5.177910618587731,14.252293358036841,15.2354116717452,5.077892823267971
1131525f,4159,14.670165574890584,72.38132409991394,28.504148089859278,7.059291849622169
11d0f5ac,4883,22.169205194123972,56.20179487378568,37.06508589026846,11.030589581776827
12203f2a,3261,13.762320645487467,10.595039673621491,7.500083905124728,6.4758076034158405
122bd617,4570,11.670160284769418,60.31091484158188,78.28573344383595,10.349349821560017
125be846,6510,18.441379950265283,12.210082618475406,7.598000966826532,7.203928138824822
1285a37b,5597,5.549117512133954,35.35265671580686,62.38127684417788,2.212314398635492
1295a25b,5551,9.716800903498608,19.564562651315637,37.35531225906841,8.138004765377481
12f0cd90,5947,7.895034499573364,100.99286802771951,134.59917694683648,7.889508459586996
137d1e44,4554,25.010172511867026,58.86603244368397,431.04872940734526,18.817221023873685
13ce113d,2966,3.381014512965784,6.9881668131289585,6.372122785711238,3.3403345970903953
13f598d9,7306,15.16858992587756,225.40245341854182,216.10785584726293,5.830645793213274
14a53cb3,6919,8.94761773897247,103.40142607259419,52.43737924629929,4.611866486974306
14ab73fb,3649,14.81915286795364,20.472788280207137,14.811968154673442,7.071383073722067
14ad5efb,5842,6.298504340917485,5.583966482199645,5.5033231024887765,6.212399165853378
14fee784,4910,21.419815878785553,41.48665406789278,29.768384048631745,16.876426413261047
153552f5,4695,5.161441840641978,45.98796734023807,30.561377436302717,4.551976515660684
1550491d,4563,21.167156242041475,33.38134049190674,32.506100271411036,7.457116258761442
155887bb,5585,11.793313793912793,170.52241026777386,58.94343316234622,8.105597453079683
1590af81,3799,5.560887269871239,82.08230870992699,148.59114767318107,5.159390600749478
15e154a1,6068,23.22648490243106,148.1614550843429,55.55931923152596,7.303816368014165
1619e2ca,4443,7.812315673810556,76.29311453141376,345.07293006175036,7.277631988483735
16e4a047,4131,10.715407020528387,139.4280052069124,43.60321559225945,2.6759224399961887
173ed841,4883,17.58051747694951,13.343121739046365,16.574121716554476,10.801253321046527
1770d7c6,7240,12.332849608315879,57.63838248370184,78.93983683778585,8.631600019243358
177622d7,3154,9.800349606500166,21.337125372108712,13.753400533266102,6.613502498688989
18d24f7b,4558,7.530076271970659,7.939345426077379,7.8500232242047865,5.847378297023881
19137a89,6267,18.119920942456794,84.0101016351353,40.06898893689628,9.967886746663309
1944513c,4722,5.738736995920461,37.849559606116046,27.787545102641555,4.104816723373866
197f8a5a,6310,24.61555435098563,17.35507999710404,19.55330220322413,13.71128561537789
19871e7f,5293,5.353880109906093,25.68917906677621,28.870733915462214,5.193879979355979
198a5607,6251,9.944851115115334,18.242423945854394,19.35032170788159,7.209764053561364
19fb4f7b,5620,11.089880426882702,118.8671427204499,83.26074085835822,10.246250297533052
1a518997,4606,10.76070073803029,37.82602395348056,37.81506821702243,2.3789232166013923
1a68190b,4474,16.431826147748733,41.14672216480681,27.074929194624676,9.19390601645914
1a730ac2,4605,16.350400725581075,129.6916046421657,47.26224144790584,7.0955776309685685
1aaf1da0,4804,9.288199403984146,4.2766791699151945,3.882852930547397,5.62554294040916
1b08ed48,5618,11.838490879530399,19.668607861279938,21.13639475582557,6.007737342592275
1b1c5372,4261,17.833374900392585,49.267775917620774,38.623372158102086,14.29673082654302
1b1eba53,4655,70.63937461968057,16.671831908070654,21.399137975598098,25.35739405716547
1b6ba517,6597,7.818279827064867,52.31029638173432,22.976692303732886,3.76854893795841
1b82b665,3806,6.106594455886377,41.75781421595377,46.44167939924335,5.825223116730375
1bcb2fcf,4524,6.2062031463179,82.26252971976162,47.996542790264364,4.323903078184959
1beca81d,5036,8.154769966888065,121.7141479315801,69.56545261076668,7.261556674034322
1d3fbf02,2694,5.906372283901897,20.281367307278025,23.317411976221674,4.744634072872756
1d78281a,4949,11.881246003992382,58.022535664974505,28.6007204301286,8.06329417866624
1e30dedf,4071,12.137059232129838,32.93184195767916,25.346155087692562,7.925009651504412
1e5e3573,5480,11.921759172625736,59.51070107212433,23.516147512043325,8.010335072111289
1f9afacb,5328,2.518404175433652,10.501049027353963,32.38897028259852,1.993808474237502
1fdbba44,4911,5.835321753197851,5.751783278815724,5.735773596687411,4.6310021746226395
1fee2b62,4641,8.271183690259376,9.584423354806631,10.359991839740289,7.888696984863068
20096916,5133,10.457150039432173,83.555037741693,1010.997012324167,5.3167870750240676
200d233d,3926,12.776233899276743,7.567257162244611,7.085897717936396,5.038067519359531
201661b5,5955,12.376074593108253,13.989500107051992,12.327133229573711,10.471628319151637
203721ab,5730,10.037088673521446,34.43974229218029,61.449975275601666,7.742155712282106
20402d71,6372,11.661871660575386,72.95915536806079,429.0014499227141,5.128056934200898
2043abc5,6958,18.043675019417094,45.70338082752902,72.46424060041316,9.590884791190446
204cc64b,4805,6.09488008126444,53.01644325456849,76.77650004288091,5.817683617044886
206b6193,6535,36.50899923584182,34.51023528469944,34.27326277561075,18.443479309216023
2075c696,3188,21.898881254260402,36.184914708804016,71.54092683174323,12.081568449211591
22c5f93f,5172,7.091232323797548,9.397327011482899,11.533532537091293,6.7528212103085945
230eaaa3,4690,25.322864048616943,51.67050340034599,63.77275038793905,22.83552261021077
2364716c,4316,19.668009235301668,9.614438771898337,7.858597399747541,9.475180888125388
23b9beb0,7340,5.499363741994015,27.37741612841902,57.19075135273821,4.696440158235289
24d8997e,3442,5.6395027824068205,48.03314131782393,1219.0401640249377,5.3643725388843935
25050f63,6124,37.996607342363916,727.6805852058257,113.17592890173714,8.055411828623958
25939962,4319,11.099661933822553,22.910912408817413,18.093827898868525,10.285379138319826
25fd32b3,2885,3.1781649872704114,1.9338241451956748,0.9777121719684703,1.2705134549057848
261785ee,3646,23.57894263400833,38.07545778978742,38.26927652451357,10.585648867830768
264feceb,5665,10.863394363873287,26.320835373848556,22.612454971928454,3.0116633328801696
26623a50,5735,21.675376849132046,34.426030806043684,32.287741713980374,8.008529722476334
26d3a96a,4721,9.063491001698889,74.67665271240082,74.43052107098899,6.5349030032104825
272abef3,4135,10.023016592838678,11.48324659927816,11.945566178701835,6.825942991727904
27300fd5,5467,17.389589831741016,32.02261587443166,33.57205590853896,6.027491769598611
276b012a,4837,27.08665184488836,32.33939215028526,12.70142534917262,11.126266311045088
27c3155b,4958,18.11085336032788,66.64924232314883,43.87703422570212,6.031465052362748
27ebb9b9,5766,9.988233062217338,51.362387459100574,320.0126879785846,7.114189366763087
283269ac,2626,1.1159494538507433,9.213646746329657,8.57147492365458,1.0074003361086006
28473855,4290,4.546502439117813,17.68885406126237,17.440787257602786,4.542466599126458
28f4eda9,5266,12.159025419229918,21.940591569929346,20.96799825521685,7.517075205173388
29b24409,5587,13.756821410921399,39.40848039435694,79.74499962201152,5.272727849900804
29de15c8,3431,4.5857601721794286,39.227073378751044,23.709798126584175,2.6371295689985175
2ab29395,1852,2.45945596628769,7.31635318896724,6.114884414102339,1.6212899115910135
2ac7cb6b,4990,19.596293256603055,16.400825542683773,15.026350110059495,17.181553080031446
2acc78d4,4266,13.626234402591441,17.95389519187047,19.755545290127905,9.969196783620335
2b034622,5203,6.805621396093291,12.893767225009542,10.06800262798326,2.9185284242064666
2b06ad65,4256,2.7463768040476424,8.877568747133177,8.212551158032376,2.06192242801306
2b547943,3480,12.241457142013665,11.657860293362232,11.735637235280954,7.202869779275396
2be5c96a,4210,3.6618588662445717,42.512639585832396,27.879737577980958,3.5914516960300666
2bff06cf,7624,28.427941006681795,209.56750616272788,1673.4853279504123,8.805863873017971
2c0c4a4e,4790,8.04594018660484,37.20740027891422,72.11596459717461,5.472777289733833
2cee0cba,5500,10.665140786694133,155.87754282403955,692.7854884883361,7.101016442642393
2d0c268a,4550,14.874791132341558,26.449793004918025,19.771788977679787,8.54415367336536
2d179ded,7008,7.749754286132607,115.45491188055482,72.57265832937533,7.49463967422224
2d196986,6474,11.991317360702503,36.964761544800346,37.82319368202229,8.12817689176595
2d2d0c6b,5045,3.045945300727323,21.48882543733341,14.914262507765747,2.9554585124818726
2d35f86d,4896,11.216196779664774,89.7007113861725,65.6251118413492,11.203404204122997
2d9f6cb9,7338,9.908706063856238,89.30569364033185,1169.2828651987575,5.823389258707244
2ddad940,5331,7.645816438023014,23.705579300876973,27.02979567130942,7.06263693105332
2e29e833,5428,4.3076518266215045,49.07149111559625,41.129639612032314,4.2984892299253525
2e43c2ea,5698,7.487396669090343,187.02034654427425,102.7699105962957,6.0539564290629135
2e63d9de,4699,13.77390817425645,70.51287758955206,31.723330090532258,13.217836916981824
2ee0235b,5556,6.80295371229703,91.67128971599287,51.676379660760084,4.725711609534052
2f19d536,3088,6.535598394413745,34.153092174560385,21.784942922823078,2.824668082151059
2f8e53c3,2594,3.293055138227308,2.376479241391555,2.549145767800939,2.8236854212921743
2fa01aa6,2174,18.77741961251621,3.7353699357395276,43.811398895730626,11.130038644799916
2fd68f7b,4730,60.74015262396321,112.36188182472685,168.56748021417914,23.476677833802395
2fe023be,4221,12.90931147808348,27.995599561407605,34.68644415371881,7.629819389680817
30d75030,3404,17.599318669377997,123.44331290082467,2019.871238620067,13.90115264100757
310c71a5,5245,8.843313479056066,7.409936063773209,7.56950134305386,6.155563868581255
32fe84c9,6408,22.250821979444407,83.12651133185352,207.80263816670853,9.424256587342402
33c40295,4169,8.700789781165115,135.18715011029852,72.09210234786346,8.146426260814804
3407f5bf,3638,21.29388267466182,59.03471944277908,91.72652983160214,16.03071148462386
3417285d,5449,34.42198868150785,16.610499017854472,97.24524790458008,10.72326409837008
347242c8,3595,2.242023016039388,11.08538807244203,9.948705793179734,2.232466406584018
353e5502,6062,5.639360585146688,82.02082858173073,418.5469113923075,5.535777507067093
357c12f9,4079,5.624420852755269,26.98916147731099,20.87216923765456,4.3510926143848785
3584a6eb,4494,9.108318362664079,4.256973803906277,3.867242304749336,4.1601779680068836
35b30c7f,9579,19.15158789297762,178.6772984114694,121.68841931868876,7.506901685334991
35b3ef6a,3904,26.045383636758544,17.172373563847874,11.613248369948225,10.34924287457364
367456ce,5569,12.622377103894497,14.675407628043528,14.68921314153729,6.506119446155693
368131f9,4991,20.875783169531438,6.829130470764239,20.69426633965021,12.138645810973964
368fe682,4936,13.878502686940966,23.58173135284374,21.78263261610193,8.117120349276089
3690a146,4073,7.130156510792888,71.34503516994911,668.388787109031,6.799228106001769
37344c2a,5197,13.239300394199656,21.738806914510157,11.888426145921967,11.813393616433059
373ef48b,3509,5.207191387759596,47.38295868284114,35.344992157680906,4.01827247920792
374be387,9965,6.712762639770747,233.61766373078999,1257.1773309717262,6.37976394310556
37d36812,4367,21.856313079076383,25.29492210630092,24.585091080973466,9.149660322286918
38991fd4,4798,14.86604108751415,59.429555106904445,66.21664311043324,7.570648948821099
389ae58f,6463,49.76304894845995,165.5004635050666,210.64922509255925,13.797139601453026
3932faa6,5452,13.157974615537267,64.19991739844359,36.87403601377787,13.051997957132635
398dce4b,3166,4.559718484677409,24.871816180367066,16.077104250205075,4.345200790577911
39b51819,4231,3.160351282946552,8.647588147529095,10.673038979609426,2.276945616511935
3a0af893,2927,18.6897660134781,4.393421907980662,5.616582056164465,9.856326285981135
3a223519,4583,9.401162306681243,25.41901007628923,21.683708938635938,6.007226459821154
3a7dd95d,3072,13.010388611275376,18.16729742599913,15.485754908869785,8.927696572780595
3a824aa7,4201,5.690131490731758,5.773385749999679,5.79144181202176,5.029570091071696
3a86fe8d,5118,11.634711217695367,177.17365425007702,152.05039719323725,4.898071434337011
3aaa2b30,4711,17.520232328990414,37.22178905900202,52.09955518077374,9.64384801032097
3ac16ad0,5649,8.880546118495223,13.747365716762124,20.329523471994705,8.290564723049728
3b21ea64,7376,8.368949948322665,9.724884711985853,10.65248492156895,7.0212862868893
3bbe1f5d,6918,10.572803005133604,113.68251874052355,538.8496051984914,5.258261530498162
3bfee975,3603,7.840543276658913,22.176151056256455,16.128877850203974,7.82851396059016
3c3dbcbc,5069,8.29349171896155,10.440978883337818,11.765714195091213,8.28263247009279
3d96d897,5659,3.6092906343486293,8.840877166973922,15.734092710501159,3.198551521372218
3df4b19e,4988,8.67249047497302,12.20226647577829,13.686384579870401,5.5773048017750595
3e011332,2723,17.42146062278745,18.894936744200017,97.95417385139731,14.527282572226065
3e678ea7,6858,10.229911981746914,15.026233963559307,15.975963846632542,6.213103295724229
3ef6372a,4727,6.229379944022544,11.736796218248369,9.59400002688961,6.20383678508052
3ef98781,3892,12.433878700657393,86.90517642456072,40.76857369880789,4.458343504373686
3f603129,5051,29.712176284154232,156.88507965378489,41.7781225910132,11.476658415313763
404c4384,911,3.6011694039210935,14.110184285703461,130.46979441612245,2.066554670293302
4121c517,3723,11.223238561279205,22.48509902593729,26.87242971601495,8.101643958857354
41fb0192,2973,3.5577103110362645,32.170970395843554,26.230617458413853,1.9037264369141123
42669188,4282,23.030677799344762,97.437468296524,153.83610625904322,9.123431146937682
42c538a1,3279,26.18883109705342,65.54478559128175,26.37381900505824,14.010259087648917
43b06c70,4846,8.769342298126745,141.58811291488084,3364.955425657113,5.275423791968075
43c7f85a,5978,11.180370167514397,12.720434265356582,13.151379042965306,6.907906098620113
43e16325,3720,45.776662453735184,65.05437474569334,169.78941941072063,26.247430445459585
44441e54,4357,3.668929750345109,34.34988859400047,44.33346403635942,3.647394098315144
445af6c2,6041,29.954468486977532,153.21140978810766,97.57111924561761,13.705271967541568
4463446c,3256,18.86029305975226,8.199914687438664,4.844374373273341,11.53201189737889
44a94013,4903,23.26260921867206,62.757521187340025,35.5560067685941,10.856123440402616
45fb3e21,3649,25.15963005414619,15.81222220858191,14.348597017145213,15.54271169354388
460f859e,3336,20.01206991533264,77.76367062747376,26.49776325482142,20.009461632116732
4630ab92,3373,10.880550178687447,7.399341895792056,6.568195810769373,7.115421053842031
463c38f2,4460,6.316346789980795,117.01138587718586,370.72366045670736,6.312426437431289
4654e7de,5373,5.262206132576318,114.87021791473973,46.36977738901639,5.03597005298606
466fc788,6197,16.96677982284487,199.3887055888208,59.78656717275288,11.011530493389728
46a301e9,8226,10.714122960128444,64.69600279458369,48.596941267802535,4.615924398397127
46a7190b,4215,13.31037471543342,24.889955252893216,24.23867140165632,8.118150630889554
46d24a09,4449,21.034427197140683,20.965163632805005,21.250251609197274,9.809985776409215
46d41ff6,7901,7.152719312990992,15.800796265858782,22.096324078950975,6.441866531219534
46dfcfca,3606,23.306915931867923,51.52221037636993,10.005485670348026,6.654309116123556
47222616,4406,12.72802806095558,115.47148349131409,110.00841952686416,9.060580146703758
47ee27ab,6397,7.811133847911845,109.80342749867981,56.21786011902497,7.700419370800842
481de5fc,5952,13.661013098019078,8.444250190774758,9.223883807048951,6.355415752622699
48c1f673,2917,18.480143096264484,18.807716471164728,18.756444882232845,9.177301955578466
4936af16,3991,5.12683088404085,50.26968523671051,26.15831768150912,4.758615994499243
493b5b31,4671,20.806259253075513,228.02684533473223,128.01029027342113,15.845693474485412
49dbc14c,3872,5.472416193779096,17.268416288629613,13.327886179711715,3.7343867954737098
4a035ec2,2588,18.37817503927824,5.203204349796199,4.700392926780927,10.377608929186247
4a335117,5015,25.01473417971471,159.63799108906846,57.5008673287386,10.951010366268072
4a8ecc0b,5809,11.211904800768597,225.68150428154675,546.7216197429959,10.551826952076588
4b462989,3106,6.605024585467642,82.16023889535981,436.29674795877753,5.530172742538946
4b831d20,7312,16.40332593479727,118.33305511398537,71.87308508023006,9.64875638011954
4c2208f5,5384,37.38188510729996,46.92812507917909,18.143292559483886,12.04868990511504
4c3168cf,4334,4.398564145674671,74.42017301213592,48.29840350270929,3.0032321994201365
4c3df468,5392,20.730613836474724,43.182319224453465,36.28547340526914,8.807560649555956
4caa7289,5396,9.679853283039389,127.03642908098588,61.06969505536176,6.720619366512904
4cd1ac61,4489,14.744577751415134,62.686255087007716,180.00168489044046,2.540338185047962
4cecf7b3,6019,8.796914734080126,74.79362516107827,1518.3289240590157,8.373837646804676
4ddde4c1,4472,4.584881244279585,33.93812314651713,36.01869408462946,3.50741195496382
4e050c92,3705,6.760683545123174,11.336161104911943,13.527998458351686,5.357483273627314
4ed93db6,4657,9.134304566059011,74.1471328903234,51.04432671647476,5.020930140163941
4f3eb9e9,4697,33.07892812639342,165.77596099123636,69.57761258424864,23.79027622046272
4f4ac5ce,5162,8.250612102027123,7.64774816260235,7.794754723546941,7.805111986288971
4f4afcc6,5645,8.324204115356522,7.982619574329657,8.06920442419583,8.320381253484278
4f69febf,5460,14.941245790403045,130.89041295820397,63.580438192952116,5.915694385564128
4fbe9c06,6287,12.700621635010842,15.453429410914676,45.87484098001393,9.133715445809697
504c8b08,6367,20.6567768266876,84.70846640355997,52.31247854086057,6.079405923430826
511e1db0,3821,2.646655635093415,15.996157259741704,12.13497733804414,2.42813413899268
512943b2,5029,4.032978673574936,10.568295140696893,13.031597996139684,3.3862555245226256
5138a660,3559,5.4780109058052355,26.943218286850847,35.00950073135495,4.29703767797798
516088b7,6645,6.371603205164532,31.144937509735602,19.814773200950963,6.353683005833513
521a7819,5200,25.361861575542044,243.62903596880122,1093.291275438577,10.506440105331736
5254b6db,3274,7.293881229520888,114.82686567238096,191.71591171781742,2.1965938412437627
529e88ca,3417,15.265625031718603,24.060436964683205,51.229969156056775,11.759602686495095
52f1e77a,4442,14.174880875648114,216.2685077232586,76.82190780650667,7.757425830231637
5305524b,4898,16.63490369332069,85.55440255239525,45.275070194994164,7.944967716391793
53134831,5126,17.343954276390388,88.07718520189893,250.41513823421994,5.195816813969694
5397ceb1,5255,9.25091584943266,139.43777156411673,351.57559924998856,9.12673406521734
53f23031,8550,10.667984070510432,69.85741269834932,146.3090574819083,6.909011953041515
543198e8,6503,20.51495618405221,70.27309216355687,93.02116238126119,19.331591307538922
54753541,4026,16.22277834812335,38.66924606224267,53.86327319596588,16.222752801154268
54a7e3c2,6155,11.037762426443331,53.181809394291314,38.45063988312712,5.3090754784611605
5542c301,3591,5.501114137426537,80.6220179263646,48.86903713088767,5.443244787365863
5567d551,6889,10.289492216812466,15.68806385079911,16.494944865496844,7.528673716452508
55efee7f,4801,25.83515609352923,37.17485931802549,36.10522162258513,18.508722241211952
5663b2b7,4972,16.28409405856329,23.381379034008646,30.71263586488247,14.688194944720626
5693dde2,3488,6.95783505375875,28.612630891945244,26.186911826600717,3.5454434832630857
56b00794,6065,29.944728017238926,99.63796766914425,24.72061734614603,10.727088994366389
57796579,5890,12.813078334954168,223.7923168236772,88.49918544346157,8.333137203903009
577eec7c,4539,18.875287599886814,17.543390354243094,16.916280837751728,10.841665579920742
57f05c51,4771,36.3244551404309,172.8577069088463,118.28040382726299,18.13480713108835
58850d2c,4995,14.887955622671049,23.770789103691644,110.42087403433753,4.91786836563303
58fa8486,4475,11.865701003853058,15.870862167703931,15.97337632762633,9.234593064491705
591cc951,4609,15.021994805073081,25.271559869752867,27.26880367216685,8.473419010639986
593876b6,4842,12.278386863654298,135.51508462973683,75.0774101963923,6.599585487266422
59f8b2e8,3747,6.235385931133263,8.049801275868658,8.815557159225149,5.830346562628269
5a1a8fd8,5260,13.165282167987698,141.63982824347048,52.02574171977211,7.5593353783662245
5a5269a9,6513,5.863105043604518,15.468342280131255,13.609977789044667,5.8228063288644165
5a5d1982,3894,7.106652935637849,16.683368919540108,19.31201244432366,6.725463187039832
5a63b5d1,6217,19.44924550712061,67.30281793875177,96.67958229252885,8.935279375091584
5aa03df7,4871,6.58601427636249,6.077189310286414,5.750150255642152,6.38754841579679
5aa403d0,3118,25.684478606280763,40.27096927533519,312.9547941476046,8.053060697358404
5aef5c6c,3121,10.926258823623487,10.19410244691542,10.504097461459255,9.533964258639527
5b7b6324,6564,17.673226229685234,24.34433792298287,24.808461917437388,10.88250623162171
5bd25f59,4210,4.338412715856817,51.96420174968992,94.86571081116028,3.121471499993961
5beded95,3057,16.64432832796459,29.245898640174133,23.464604565524887,6.676108676272902
5cb483ac,3852,6.114075023717169,7.869675626201259,7.597897029999533,5.826659004668555
5cdd8dbc,4010,17.231660513857207,98.3232054205136,54.755754961110846,14.186022497803119
5d11dfb5,5895,9.758377072411292,43.965442055243095,42.48557951759184,9.756504173658602
5d7198fd,3368,13.36645546990557,32.24992639414725,43.16029707743996,12.432942170761132
5def1ce5,6443,8.052417616706911,115.57905073345275,103.44129236705281,7.6892586859608905
5eae34a8,4904,7.397484649492449,42.1782647619006,27.49890749784526,7.287374798674476
5f4d2a52,5225,56.914917258531396,124.22568228810842,85.17482021965442,31.853164273938177
5f6756c5,5931,8.573813859683462,49.04575078000112,64.84734484272671,5.4129188738094465
5f75f796,5562,9.239915906257119,17.123901620271475,29.399753546386272,5.329158587450406
5fb1c15f,2860,18.291082508578185,20.588477098390435,40.370442559039134,6.905297594346309
5fffa282,4201,5.318148657346763,11.759959115984215,29.488758842550748,2.575626795557289
60e37807,2699,20.874268055180604,23.129008790340922,126.66466995407606,16.73300211306027
61f27424,6220,2.8150009994687166,5.8157166667839615,6.227408368049119,2.8042006480896373
62569ae3,3588,8.163464251076302,60.422510455152114,42.04673353049499,7.209272606050207
62a6f539,3693,7.864940463331049,7.645377304293975,7.605623075408169,5.84396293040198
633774dc,6233,14.212429924790966,10.873400976153667,9.711356917157312,9.343696579072757
63559d57,4069,5.894220519880757,28.062226704748774,19.540052365448588,3.7213467150710127
647f2a41,3881,6.546227092935274,39.65074867914636,37.05112367117134,5.5463513929476855
65156b96,3221,6.076781706471203,6.9893290910920545,7.299707085689046,6.051778591631053
653612bc,4605,2.8332405605306503,28.8590818771297,22.172438558647304,1.9818348039190774
656a067b,3051,14.667037832749068,79.2123423794414,996.4208912965895,13.952138401412894
65a5466a,4683,11.991020361693243,23.218104949563433,21.70868826742407,10.117355068190614
660d9546,4732,9.433757519583331,43.74014188704282,26.823494365971754,7.008655602079589
6767c111,6783,17.475154063370617,102.5625246986854,155.20857163266308,8.12935314164989
67847288,7429,11.461290028070946,61.19798015251641,45.83592052033954,5.889464575497104
67a8da4a,4911,14.48691836331104,84.56160823181885,139.18414639898333,7.958317926865776
684a6fc1,9818,24.030978453294,259.85102961361315,87.6261875087179,8.906115470875516
698930d1,4741,10.389172214568049,16.610198275314538,14.46532197790874,8.96008100093923
699ea575,4120,10.392889600471305,7.1342323768394165,7.358167145746033,7.9817398095646865
69c1bdad,2714,9.789958199101882,71.11054217823853,30.896970268097547,9.788819641403798
69e41fa6,5772,5.861732687565972,77.57689154451378,223.63105706025704,3.9960329840035187
6a0ff78e,6465,11.350827388917207,230.88485858811032,137.7688834320928,11.224903657944985
6a8fa194,3017,8.348329338921092,13.705725984276498,16.91246508238005,4.458706339286934
6ae68655,4204,5.259877371830794,46.8705775168286,35.081520537702374,5.210372529454781
6d1d74e1,5830,11.887571200184345,15.636168817240959,14.638140440194892,11.595581307582764
6d590e26,6096,8.629685403348205,93.85884136339614,143.9508959048173,8.619366759827134
6d6d93af,3595,32.195372520142506,51.45424016977865,813.3184474885821,15.127502859890681
6dbe4b60,4648,8.699464045404161,69.69022581620231,790.8289618462168,6.6735362902680935
6e6d122c,5632,9.11700946941914,16.270686040410485,28.727580739936364,8.121486339968111
6e9ccd38,8282,12.23949279951463,93.23900612829692,288.51937889514625,11.265010658873974
6ea22614,5971,6.4753183432909225,31.377999320567394,338.3414419546769,6.4731765682239075
6ede926a,4938,7.686767373145472,93.18225336297057,52.98215483628926,5.964971188309381
708caea9,6548,34.916458237909005,20.68704583627442,32.88411299925517,11.428669955421286
70925e23,5947,14.784803005082047,93.80291680337267,23.49375060837631,6.095852729244792
70e1788b,9285,7.159206283115687,152.50906320157165,809.0390931865209,5.585597137792499
71642c7d,4648,11.901230993511438,100.07428732076664,50.425803985457364,7.513549677025677
71ccf778,2698,5.388651839136806,9.905499231695137,16.456601460455733,3.4466990429867215
7224331b,6063,4.338260107312621,77.24440057615573,44.78025690797755,4.336982072692705
722cf0d8,5143,11.127293106426961,35.17031872847236,27.45496680248167,11.088474682584021
7256229b,5415,6.6453924693055635,34.63911209220546,60.504067884747506,6.144500965805126
726f3dc2,6723,6.931383638655225,60.12977195199941,31.979810222086265,5.685576940730209
7271dd80,4340,8.313957865645467,212.1528377254726,159.8879877941355,2.4380495496684444
727a3a10,4397,12.36395803493887,107.63537344004897,8.15557407423118,4.352074993882641
729665c0,4263,8.662513145164612,105.02265699501457,164.94368339233665,7.650786680567989
729e9750,5919,8.825983755646552,47.70021739369573,43.566989330986964,7.33647767332632
729f4217,6195,16.25171177822061,15.058714099642831,15.16644457344827,5.5701543355665875
72dd8501,5193,6.0720820352358595,55.72287849994999,283.52158926647803,5.563165171383749
73348914,4221,10.691729206195715,23.024866020978283,23.44065725682624,4.319753591771672
739a914f,5505,13.540022100878758,9.29421583599722,10.028401346269177,10.751630772860072
73b1447d,5670,13.404843871674935,265.72496755970064,296.5531830864357,12.945574826338689
74b6186b,3405,9.007196786463387,56.17109729928094,604.4198150956388,2.2228931394560054
75c20ec7,5361,11.054465755153933,15.686183847084546,56.23105905820873,8.269314926084164
75cd5f11,4946,5.260066074409697,86.63015291782763,79.99434861748739,5.172336603819365
75d20a82,5067,17.230705080539593,23.544190782065037,30.6298044145846,16.076239440719057
76201745,4448,7.881811891978768,7.358264344789615,7.557455975084397,7.782047415476356
764072a5,2949,6.358306065218297,36.60039316320259,19.77329074967637,4.866136523539144
77b0d905,4174,13.048365351893997,72.13276523205901,118.46963690465812,2.8574304790619163
77e4821c,5393,19.218605395377665,30.361710964143203,25.795611474726606,10.202391522886284
7850c72e,5497,12.350659981673207,87.63469886807927,136.60577184188884,12.250405218330346
78a4a386,5119,5.866186376682608,101.99894500911506,52.91084414453822,5.734710168601972
79507629,5302,12.57032003546627,2.264355039963781,6.215430501214741,6.482851100477918
796dbd4c,6248,4.867507118040292,101.40832535778732,104.94838103708686,4.766019846340979
7987f2f2,3705,12.030471815010397,17.859223113106967,19.289467506207924,10.820067051693428
7993a768,5487,8.94458476658435,28.698075606755324,17.018405269241605,4.666742921191677
7a5660b0,4998,13.453411559639392,20.72994686536379,24.067823760818772,4.714554274353522
7acda2df,3091,13.841227690699123,62.14945254165169,180.61478347284552,11.996374494995099
7b2c7b3c,2584,6.17273385674935,9.334469166909082,10.052909131296078,4.635337738670725
7b38844c,3749,7.388349907150671,29.199195974463162,20.47155814848948,7.387187556831417
7bb17b96,3922,17.009046194531738,66.55557034366561,147.22736343027594,8.843688856306777
7c607683,5328,16.864753655466934,231.5727869916008,72.08293673551127,7.220451010782708
7cbbd047,5121,12.532698729088267,90.88365973971305,52.557602476304105,8.104569532230332
7cd4bb31,6439,5.9143797077311655,39.189320999279865,101.59019757320176,5.518300176922693
7d50373e,5122,14.288140886490114,45.1634480256099,72.21145887353127,3.788280925161128
7d57c75d,4405,14.198113996829493,16.33438169510936,16.053609545673567,10.86748126936816
7e208414,4226,6.381931414565357,15.385279456873134,16.61037779643933,3.3864873094324843
7e721392,6174,40.331826473951956,52.32169372447831,9.301053076554226,14.24775273953922
7ff89f8f,7337,14.155555516103233,19.3884993468058,20.06196444273483,11.488330363921058
8050c789,3077,7.786449457719408,9.739534638547305,7.0576200334807195,7.700972618010179
807f0298,3747,8.853825493010934,13.623081854369175,12.979057881740546,8.827370993212035
811f52b3,4836,4.598301010999275,25.726365794571773,22.727029479129055,3.8203729967879987
81bf5923,4543,31.31927935297995,20.24554731998817,15.648484631304395,16.58889115033527
81fc01c6,5909,15.007610097527794,26.593910621828876,26.780011650839974,11.256335194868173
8255c867,3589,25.379544413656888,67.55901963320008,36.48548697456666,10.013680317315435
82aab6d2,6140,16.359385167102737,358.98793920451385,96.48553522109799,5.173812355727283
82fcf37c,6014,6.562385974432521,30.682542629749214,71.50661025473434,4.473082282721526
833af382,3628,11.932419080398546,88.8216573995326,24.93297070440737,9.004777971296058
8382f4b6,4967,35.957613544757436,10.643066429030695,6.318748289648304,16.165038465750246
84633df4,4972,4.736172446701271,18.866012029894396,25.276142776753527,4.702196592904814
8478df29,4857,14.043024034272376,74.33844471989498,45.65681823974555,3.1142909198426105
84815d5a,3647,18.796385252137515,20.540902383696974,30.98351381742104,8.163726102586342
84c3b497,5312,18.960394713110585,64.79032460927777,47.15472522762106,17.059647312231537
85380836,6618,14.16579981313258,180.63324494508032,113.57336260413626,6.953532846165444
8612b37f,5165,19.617069448970486,69.71528066772031,51.041876101833694,14.23552369533453
861e71df,4700,11.539564677986593,38.014948261776475,27.746486960235302,6.867196213319316
86454a6f,7964,70.26338513734783,22.734844051940154,32.1556324204875,24.56646988325411
8648abae,4244,6.857839767871924,52.03528625961385,105.32668528095405,5.199342171575809
865033f8,3557,5.940308678128904,5.622912682316421,5.735610890181759,5.937213756277107
87695469,7003,7.051593014629924,16.99872896197903,16.018428265920406,6.327991276016306
877ed19c,3708,3.961990141908008,62.145382421744266,91.99529518718724,3.2210053524547373
87aa3730,5607,9.116484132166912,22.92983021004005,66.95496576097013,6.812794810548763
884ecb5f,6724,19.928910115404566,364.2927909997318,144.325131051861,10.236227216154758
8902c3f6,4959,8.832044207317482,41.35693781909916,21.800938838145417,5.929328145170783
896d15b9,4279,29.78460727060298,115.12656102125906,95.05770819615775,17.209079332851015
8995c945,6724,17.049572930743697,52.45430646555127,48.99346369326165,7.679599234221862
89969c7a,4947,8.235332474787521,18.466896167983556,23.28371087414353,7.893357734843196
89f1085d,5994,27.630506752261244,18.8471118080576,12.468785031445481,8.498369973422285
89f36adf,5292,4.477972454313123,21.53304628564108,15.766820229156009,4.4541184285605055
89fdb2f2,2031,1.6866180518953557,3.96320768759025,4.289852341135082,1.6047879907429552
8a3da6d1,4593,9.412246097229765,15.806158765998548,94.7920200886309,6.280498378903598
8a89da23,3935,24.252456304947117,22.029451404018047,21.97998621082172,7.588207311924934
8a9c8932,4663,2.3969295087935425,21.11674264303501,15.573967081774985,2.2036905847566355
8ac2f237,5319,16.45119897844976,43.66395583258385,44.26906944530799,12.350273987534425
8b12bab6,5234,15.811256392108719,45.43513379335606,28.841647450065665,10.843172678385987
8b5be31b,5672,14.42858472653754,45.4803782323115,37.05515246394426,10.070690195120813
8b95d6d1,1731,12.821591683060278,20.031177755070217,278.59129846380006,4.599491476703049
8b9d8326,6163,6.582552988433189,17.278773082461512,18.294775509166122,6.54368560428872
8bb9c1e6,4546,5.877089429163017,15.107576196695588,16.72854100976876,3.2031505130613076
8bda1a11,5981,12.860573075338545,142.25408544068563,67.48673188974105,12.648918169932818
8bfa881d,4089,24.907656478671402,71.17314175451978,43.80660842418741,16.04506544112155
8c167025,5368,12.842100494100917,28.939123123005558,11.727845177369606,7.496984455943839
8c8348e8,3888,6.541121071059431,140.1982121861258,26.178050656301945,5.66642426259381
8cc21f01,4044,5.692405675014437,38.22541571519546,34.30346621748968,4.733793445427766
8cc800b3,6576,13.894631430456734,37.437810967265804,60.555317706098236,4.251725499163448
8d5d46d7,5755,14.448678432466647,54.070108151529496,49.700047213313276,6.255310925210735
8d92cb49,3589,7.261615385751236,60.21218960968257,73.40412649266267,5.665621240852542
8f201368,6349,31.179492905922075,151.16878516658508,141.1345484461422,9.694938134437962
90386ee4,3840,10.152954610245539,25.289270972624042,15.760787456773219,5.8611644874338875
91abc4c7,5848,7.02683994774031,226.84511330988278,196.7240479090016,6.770078352862676
91b301ce,6570,35.315076932980844,147.29959769262007,297.95519238571,33.27300626513771
91db7070,4073,40.80747690976154,37.829610833299995,18.374586346274057,21.82782851565621
925a7cd1,4517,4.612563792738408,90.39353111552481,175.49895305895512,2.2053683552480714
9283ae69,3371,6.173284378497139,35.351543620243184,26.999236256554173,5.568092053384409
9298ad5b,3964,13.089984763550598,13.400703808963637,13.392984479305559,10.519250901461595
9314ff13,2748,5.189815774469084,70.61513034817276,457.8692101766627,4.179199964108628
93209a3d,4697,13.65809981076041,45.43721108107469,96.39874947268719,5.659547749344124
939d9c34,5101,15.729081869192102,53.48191446958294,32.331579384654376,14.995553152375388
93f5d2e6,3691,20.10571368100563,30.1424329809733,28.55244742784518,15.2990066357987
940a48d9,3963,10.06328128166555,24.1123909280842,26.08631195883739,7.470496328699345
940e709a,3348,4.6519560575408425,129.93558142736475,74.18590576293032,4.060025572803164
9426ec1e,2532,12.079413246018726,5.858963439286178,4.997889589899853,5.530744988419578
94467f50,3035,7.795325573109472,22.960358193444332,29.405631935815506,7.768642105953949
944f36b9,4630,6.513075857645095,58.35727212925193,31.249358506281673,3.1294306984887172
94d813a4,4847,36.730942118502206,79.10330040758004,126.90359478242786,21.98897159997308
95b559e7,2887,20.38335913388356,36.8974971578707,9.683262572149037,6.874962598571345
95c8427f,6335,27.215687207592826,20.537981410598036,35.71560780321033,9.079922278818481
96936c22,3346,4.079825343764616,62.719886840322566,40.20820705670523,4.074590078825482
96ae5806,9839,8.450669041365172,74.18737324266125,52.45643655364687,5.898962078083092
96b7eea1,4332,12.405056848354107,137.07542010367544,470.22406781115245,2.731221300409985
9719aa04,4871,7.07656345543121,19.433724270568003,55.52834600006138,6.1461413645576295
974802e7,5843,13.80511563998303,86.85986219075548,93.17385441140141,13.724784639454152
97cd5bf9,3449,9.273936692075774,11.194786579123628,11.121394736161204,8.982068512526208
98177ced,4772,5.779865915399804,159.48245776023975,358.14722203723954,5.762462361740032
9896fc0b,3595,15.814766850712997,53.56229818777673,68.23526717691033,13.49405106010741
98bc6f66,6063,17.645391862557158,23.2213157346758,21.135629501313232,6.295184166166509
992c99e8,4904,13.77905931963707,6.235952480430732,6.59346910618676,9.583855980812636
992ce078,2879,5.02484380821733,2.422710272930542,4.4801522006796,3.581068936044213
99529c45,5840,21.675545088419643,82.15339175653968,56.90186838873039,6.879999522155916
995ff498,4526,8.343710199277547,10.267873271319486,8.823600329743437,8.236173572024589
999daf80,3564,5.121625403452367,9.36062429162812,8.881409797567988,3.7162062068627417
9a6b0392,4255,6.974051133501153,134.57861783920927,64.0858459150679,5.979829928089346
9a8ae0d6,6294,5.937216688673599,155.02595655109477,111.9318256472507,5.446849644321663
9a95e33f,6447,32.28932813245856,54.190650019760476,79.53046336975868,11.669962549342188
9ab94eeb,4442,8.205724523051869,32.07357189814881,28.602237520840966,6.767715643977071
9ad5410a,4205,8.784377249544983,132.97177664736162,74.3232385716341,6.324235043355292
9ae248be,5271,8.107003944596206,27.951210959550814,29.499337157870503,6.160979724831741
9af1ffd0,3525,18.128053838502368,22.311478758376055,23.14406873093788,13.129397842572756
9b5b61c1,5532,5.429982209622746,23.36016806516692,39.118447110931605,5.151253818100426
9b9e3b49,5118,7.923721572593473,111.84051048537933,97.44973788121666,7.884959208792072
9bd2bba3,7439,15.673287472863077,142.33635383254338,600.9908933159475,4.9061314775860385
9c211c53,7265,6.466506541772609,74.83991398393165,56.435623005353825,5.537441687078826
9c350a6a,6052,17.397946606336834,14.346982879429685,14.341774210538484,11.249783254719697
9c8375f7,3674,5.917156069883692,9.800218654232241,8.575194669265075,5.8722961268646054
9d072e4c,5107,9.990804668905984,206.7593326754973,90.04317629195798,8.02020724493744
9d3ec64c,3480,9.187876827833358,28.545778686926653,31.308012834032876,5.412102250924896
9d4272e3,4030,17.76831335353228,8.312409822136496,7.259848270049061,6.612551052977961
9d5e14d4,5400,28.543156532728414,29.04410296586997,29.115042169161008,12.413339354630153
9da441ba,5783,15.618529769468404,36.299372216845654,31.243329844928166,6.771022392846357
9dede370,6297,18.676124657054373,96.59935830712932,1545.306381817555,8.64662203993638
9def2eb2,6003,7.253592864593499,30.993935222224867,36.546361184168305,6.702478827096145
9df1b1f9,4701,12.592269852167446,86.27192066712439,52.10756317978345,4.302054983175047
9dfff011,4319,4.8459695911212535,6.144739043483799,6.6540823144151595,4.7523871291731
9e3e364d,4290,4.097267023631261,26.54281602169151,25.51642642338156,3.5162281650314773
9efc812e,4450,7.747022854046375,63.96610498050179,787.694959133186,6.252712076684814
9f0c7bae,2542,7.898258335635161,15.716462304101421,13.857647941770939,3.795120286524946
9ffce529,5212,11.084878093703349,17.32244856029677,9.088663202117376,9.406551242213562
a0383629,5832,8.416225361246278,76.41018678728344,62.165678798116275,4.83520436045136
a056d01e,6557,8.584211201864289,128.68485774594632,68.53228444888946,8.584049446015698
a08d9e63,3685,21.46258569009769,100.61284057299092,116.07556951446665,10.804451773864981
a0b83014,5035,17.51843897699374,78.3149181253335,327.931009885386,6.693413972922857
a0e92ed6,4897,8.114542367589692,86.96037067700273,72.10454784128642,8.045324644171155
a15bc102,3236,2.578928597930721,39.734417297736734,26.609293208606882,2.0464225129829883
a247e7cf,5674,4.201165296490171,37.87956625057938,29.554983323620885,3.8702254370501503
a2e8e7f6,4760,10.698430341162505,93.33162411226981,920.1598929218694,10.477721999063123
a3518960,4967,7.100675858286987,11.695525975418017,8.860378949440284,5.223171649856149
a3f71395,5543,15.089395383508826,15.444172143482882,17.105289191139146,11.357339430482668
a4719920,5884,7.205451003735877,31.70548387154022,66.9515568616459,6.59697452511723
a48640d9,4532,21.626612771414322,77.56954425451994,53.706592546374594,5.65524424728978
a4cdbb0f,5204,11.150021440885437,25.62382508888687,23.908378731059393,11.118224500084171
a4f989c2,5385,10.578786672639087,78.2399715422599,43.76422729953695,5.3080263176221445
a5aa7973,4616,14.159778554983863,31.81640122126197,32.19408523669057,11.333626123135932
a5e6f7dc,5649,6.350818327780091,16.606518805282597,166.1308070840649,4.898043807350803
a612d5a0,5329,19.256901319606147,91.91505375709903,33.8373470706673,6.282809101780117
a622ce4d,6298,14.236097814848373,14.817725069445048,14.862278875109169,7.279848828706642
a645da9a,5153,8.951092580974047,10.396825571914892,10.318992443145541,8.76541090234563
a692b17e,3566,13.138061444708827,111.1477688126271,45.353697279629976,9.828994561663066
a6b8ac67,5453,10.875902281234387,11.581718737624863,11.530146546009357,8.710759406347025
a6ed2eff,5275,8.632582794631363,10.057984207904775,9.606649400725741,7.568180731523339
a6f967fb,4670,13.762814229045636,73.15639146444245,467.4172623975393,5.644484144749558
a76db406,4672,3.7043201708377427,53.62638097639259,59.5166158525189,2.7471294794091867
a7744f5b,4377,13.084948643934053,48.37416951924084,81.6920182875827,9.020191052768608
a783cc24,1889,26.72523186448825,4.638409456162504,12.27045053832752,14.500344829662916
a79fd2e7,4404,12.374341369091132,45.286221333721194,114.3619067913414,9.051731198194089
a7fc3e6b,4764,18.149529358993682,17.24893621910137,16.027924862782417,10.23534695053069
a85bb86f,3099,7.873900707960967,30.720937623575068,27.735125288435288,4.735503884838079
a85e4bc3,4581,9.638478456190704,47.60079591612399,570.775777376924,8.2480778448762
a87433c9,5721,9.580358514748033,42.21369140638379,29.64555100862698,5.401809675637843
a8ed028a,5538,19.044521110452333,13.235182848253624,14.821669810767562,7.483599558397616
a959858c,4404,65.35865899088088,1392.6986061072973,113.59326079752526,14.778521410670049
a9c9b150,3986,1.1630317709118394,3.073298283347435,2.521551271076863,1.1588467832515512
aa95015b,4300,11.725050285011942,82.84054811651582,2249.2902832417885,6.9171264691363685
aaaf3c03,2997,15.079592231507316,21.668420696841327,46.582814577990234,14.951584276915531
aaeffccb,2712,4.756126793123975,22.626982529799427,29.205811284265653,4.3613590934395035
ab112491,5185,28.204036984751497,22.591576859942492,51.61941871131051,14.146418662852058
ab18d3fc,5694,16.597890792722144,208.49566925180264,120.22516663787108,10.978170657642467
ab3ced07,4250,9.797524442428841,53.040024310714266,203.16812525184505,7.548077405962386
ab6fe95d,5491,6.6795806397720465,26.484070543468647,38.2555210379788,5.469044297658462
ab94878e,6004,6.090270250340663,84.96964803116835,88.75244780568032,4.741894549408696
abf460d2,3217,8.350877150110843,47.65575200912379,30.128447027329322,5.897813744214339
ac6f01d5,5004,15.962529701035821,174.58296784603132,62.22972391291766,10.003468781453828
ad2133a8,5729,28.088198915386187,69.09419510498157,64.91390657553906,13.943757601866826
add9c322,3932,12.296784203800955,36.46626386399563,26.21019720984277,4.587169850018382
ae069086,4770,14.585517424947831,305.05185013162014,759.1677227798043,12.004156602039918
ae0784a8,7823,10.87737509844777,87.15499910658897,64.56610859006526,6.226491791765137
ae35f33a,4450,5.0951729458693835,9.813635290321539,7.668742069977352,4.234378035248008
ae8959c3,4518,19.76800976672305,38.19931044644027,34.91820471669916,7.927185446175745
aed44918,2719,9.488704385906805,5.717748242534787,5.371806669118687,4.699795733572663
aee6393a,5865,4.665683726709421,16.655965902877163,14.059032177698473,3.357481787992933
af7a59ce,3024,4.115059728297358,2.642495604716503,2.843129639059369,2.232365885132166
aff4e561,6026,10.851934253065428,135.8246373373028,339.5875949900248,5.00062251343858
b04b58a3,3402,13.058667367524363,23.43784962460213,19.43441296377207,11.914485324235288
b0d42b0d,4971,19.797243019186585,88.16083485495159,463.56517106507073,8.458884927035907
b0f53bf4,2755,9.231328022549082,23.458394831773628,35.02327074653359,6.050540303682736
b19b0395,5813,10.045237735851847,126.88553727640065,76.34862064996003,5.951098969752982
b1efb8a4,5998,8.506706925766984,82.2866488760596,45.246950662309295,6.599188605558679
b32902c0,3808,5.155416417213564,16.668351914485797,23.95523135539036,5.0345722673730275
b32e4903,5770,5.863958705383137,78.95265514351208,43.37857812667198,5.746081123763197
b3388334,6080,14.23010661853958,14.256528874507065,14.25084985339002,12.52414373330264
b37fd114,8161,24.97877020046922,102.77328744979602,273.9531619565859,13.901611959867484
b38e3116,6211,6.404438939196513,52.04771100211971,285.091897690229,5.505210932340406
b4d8dd4f,4259,17.098418824477594,59.87253027037341,34.361550652250635,17.06555616370083
b4f37e6e,2992,14.94895263643877,8.873230784488479,4.890385284567222,9.473428442763334
b56bc0aa,5602,8.788528154094545,114.19031872297306,70.27900935732463,3.8486592323274285
b585b4fa,4294,9.973817813617734,42.82001523423635,28.60600463474164,9.067215161526855
b5aa9634,7326,11.47866217552782,61.59380591107346,61.36513594319251,9.106735475458713
b7974e66,5558,6.972963992749996,99.23385502625973,48.4360261432687,6.853003389611315
b7cdcecb,6168,9.274351431311539,127.93568638669477,81.12808530256709,5.674846009888074
b7fea9ef,3866,11.148074644872509,44.82704255849349,139.93660642390634,4.234070215295447
b85f7b06,3803,3.569865119414346,7.667337200736309,5.7902621488380275,2.241108566942573
b881d27e,4009,18.785154458691416,11.07350087976053,10.993529665968856,5.3937611918270605
b8c49c1a,4319,8.256954162110757,8.336961128185417,8.180413791580825,8.061768576025631
b95e7121,6306,3.4204599760598935,52.043883243870106,31.1135426736364,2.822146177872986
b977be4a,5917,18.57837175934225,54.99139111055469,55.249972941624364,18.576923335132115
ba48188d,4166,50.93720227649117,64.59885315048778,103.47072986889472,33.533814380264516
bb2cdd83,3825,3.017674077265869,10.569581022479133,7.299874281382212,2.9896494400030798
bb337fa0,6873,24.083821271230853,126.8442290805034,4242.2592364875445,8.638430403660985
bb682ebd,4139,19.87022580202752,16.09505312544147,16.81694964756332,9.489091680232155
bc4381e2,4955,12.598370947658928,21.94107874772864,9.370704672277185,4.243445690069434
bcebcc5f,6258,24.241537215571864,151.31140582000498,57.03086145756954,8.0866742022689
bd2c2f34,9823,5.663541608648027,235.6238000690779,110.06873558895829,5.613762139500843
bd4ae5da,5006,14.052431666337634,43.473397920902,54.02159951038839,5.665787818940239
bd6f0e19,5140,10.118149844909517,5.024258446170251,10.153331273762593,4.030662810526836
bd8f847e,4961,7.389741905257485,103.14517112895098,179.86590290757476,6.968821848595173
be063506,4500,9.685884513043288,135.41184326041366,67.87522630724261,3.482669476415412
be35c8f2,4226,4.674735185385168,62.11422933494584,164.9695918471093,4.592810980793654
be83e781,3221,3.1537973198868037,88.99141236883926,49.696015620620635,2.7036905865123493
beda8696,5912,9.819955216289504,41.173676548737426,20.64240421484015,9.348426948202114
bf39bc20,3303,8.401808199266226,13.709411745956174,17.522516623581904,8.400668041341456
bf70b410,6347,18.920279724233612,13.300204025457349,12.301772557486412,14.406812548994687
bffe3082,5723,16.598918029974968,51.77593741179459,22.542233320208418,13.3276237549016
c03b9305,4255,7.1171172090817905,7.055460397561927,7.009991301181809,6.235294295820719
c03d4aed,4641,12.583094329136486,22.027132920308464,20.502873513756583,8.472322419295637
c03fba65,3699,22.739971638302574,30.67258351205629,11.447153677678935,9.675759165239295
c07fd0cd,4191,4.052934357090802,10.606369698448411,10.426637486854059,3.971038692427787
c1708b88,6315,18.304767828554887,146.10373113216053,115.79610050657428,10.758911418230927
c1d046f4,5513,7.700112298091984,169.33588277823583,430.2944452910957,6.417919537730853
c2717d4f,4721,8.452559650622254,69.14606082783342,39.32943732989978,6.535029011605279
c2c4db09,6039,9.028322821306517,16.220407234719428,14.919797818425458,8.432665283138183
c2c6fc71,7119,11.767462410523247,97.26235620520644,41.57320247463906,6.735361448120567
c36625df,4742,8.003204999077816,28.968166280135595,32.99848609713125,3.7411379087419343
c3957531,5316,12.518722274768233,112.12794022284386,30.298870571671767,12.429769305376698
c42fe306,5095,11.279308916635767,70.21083005864531,46.464434697002936,9.52338898197231
c43812e2,5527,7.016864008504025,31.8064592368215,33.429891617956066,5.784297109771027
c472c0b5,3054,8.28128095427446,20.773108996193624,26.177605943748276,3.859219096250821
c47e0767,4356,21.47720905393819,5.952284407818645,15.691453408902037,9.479386728290493
c50b42f6,6014,8.604265674370385,8.704790006113543,8.520958037130239,7.778419524485267
c593337f,5208,23.822334034025907,36.256332110309614,40.09467252347239,17.73730405505338
c59b6c4a,5499,20.952603428128082,10.939837456810883,11.609286221408807,10.115357492807352
c66be2b8,4154,22.226756512262092,77.61894001581923,88.59890057758058,16.444367298405233
c6797dd7,4664,5.82900989050451,104.4509244530422,35.64523956486235,5.749645376433337
c6b782a4,4877,12.807882966584375,163.41647618447888,53.19878108121296,7.166498467106225
c6c96179,4004,8.772647918302802,8.060521929646614,7.800323003292617,4.697759283011484
c70c0e01,4312,8.964901066736223,10.217040111069169,10.56193317900782,7.115558416812626
c84c65be,8496,9.738388019795911,22.459654429155524,32.56373485018652,8.14282598824686
c8d9680c,6281,42.77043899776709,74.18697105384543,63.328013926888495,17.32661515395616
c908edd0,5293,8.765028360555872,112.22284925025797,50.175512328261156,8.431730062756635
c9578d27,4487,10.306756368182521,76.89500609679256,450.4307648083136,9.835041899433195
c96c018a,6236,12.859960619036775,37.2360634736675,33.50153035274472,6.682912857849929
c99f9fae,6361,5.40523137400998,4.645317035842248,5.618727821583294,4.001011777761567
c9e6734f,4735,10.310371611471203,50.24923905409736,30.474635010877304,10.303213470089073
c9e980e8,4359,9.741734918381256,34.4377449626872,14.564740592427945,6.629121551454879
c9fedcf3,3517,7.471714606706554,12.948829102971043,7.398170573235575,3.1189337166285
cad13e8f,4848,17.022296131058066,30.036440613841535,42.861272944375756,4.504790258769732
cb34231f,5609,5.418906491757253,15.612995947537907,42.49066985266622,5.132717695125147
cb879f40,6315,8.79643766880234,34.066396024584485,44.79079963545157,8.786790749997348
cbb406b5,6328,11.364887497962812,20.060895067287372,183.43787140614748,7.457066770299509
cbe51de1,3963,15.022202061672788,48.74939918479002,34.990832897060045,9.470841133743592
cbe62450,6258,18.607063412926227,151.3184706954216,102.20282706964598,10.921026718421139
cc08aa63,3274,12.988941242217614,41.832182155884766,558.6555492849425,6.5163906709012895
cc8a1d57,6638,27.55539015081038,20.240844987743472,14.625450455258095,11.727058014890124
ccedb12b,4401,10.609060511646556,38.719430762879526,45.15844770323606,8.569488669014605
cd7f1687,4232,10.573162838089827,6.828533107489921,6.811096374931522,5.799336327721298
cda7eb37,5973,10.042623008757838,14.111552856770407,118.61767822572918,9.412576665498548
cdc31d65,4840,7.482412321764383,7.750338286576331,7.2549162464696195,6.288478386758763
cdc60a53,5878,8.315926094659538,27.542784840416946,29.67921500639089,8.284207632421607
ce55ba43,4104,14.30444944852245,23.416115934624177,24.525727631768625,7.279512023653757
ce8399b7,1615,3.363562739626084,28.056267482383486,19.175104774159916,2.034449492532667
cf50c9d1,4858,31.56819712560828,19.66746828562966,21.4075065290845,10.298137503276893
d00e7eb9,5704,7.907003476643952,33.721139428428316,53.37037967548594,4.3139074453650466
d011f41b,2267,10.86185548345431,68.48144911797196,36.97176479719004,7.045382212138074
d07aed8f,2957,5.402411556483793,10.51081216092722,4.48890990227668,2.5720024867765607
d085e611,6191,10.083729659420946,186.90494061282945,477.14508255466507,9.961423039182144
d0a0e7b5,3816,11.676903707262621,32.62342693981991,692.1969417931552,5.228542505758765
d0a43760,4041,4.249353040412356,33.9329006995252,68.43053009004653,3.6769862339316175
d0cb63ae,5223,19.937391369771746,118.28198862297886,203.09946556016794,12.15230766027404
d114d9c2,6206,7.69852853923108,4.766660198750636,6.079329026120553,5.793727452493863
d1457cc5,6920,8.115732473647405,46.009061924654354,32.43242191049051,8.055162503792905
d1ecf309,6168,9.37828460834895,66.21786345280006,43.43826176571201,8.301468494038687
d1ee630d,6290,12.219780010195931,134.9417936774199,76.48517489460808,4.7378616655813035
d217e0c5,3838,5.20363871867946,6.610988492621187,6.16750894874869,4.566986712621165
d24ff243,5641,3.584579952704873,96.71800804601273,204.61255291949183,3.569103287616502
d273674e,3899,3.400366201632784,15.589483149166844,10.631484885088575,3.289197749841385
d2f3b1ab,5581,17.357707330254247,56.55178669435341,39.96750262138711,14.472928928104757
d3df146b,5787,11.69933929625434,9.03351597813191,6.021050657955649,6.330539932246576
d40f61d5,4039,4.553018133859985,59.800931932873766,435.91791740547103,4.417156408671917
d41beaf2,4753,16.335502961206803,8.55468030715327,8.316818798965098,8.571204593124449
d463e527,4767,8.591154291112087,14.00599731347954,25.494016208330223,8.024300206720676
d4f60a28,4501,6.183126130423007,7.910434180244093,18.385622518733875,5.422322543795491
d50c649a,4873,6.81996221614117,70.38010762497271,194.0501817139008,4.553583667393325
d543916f,4799,10.200221672654065,15.828741063455361,13.495342342009351,7.859454991565265
d5df0ff5,4032,16.351335751344372,8.10871088248736,7.718869698936672,5.631760489694578
d60430e6,2511,7.849172504180856,16.96041628198967,13.062940290197222,5.3634388519965706
d63196fe,4510,19.525114489586926,5.661535215395418,10.515256059040412,8.105486790963608
d6c320d9,5452,11.20598215508914,7.109769790402683,4.124327905564839,5.085017276315152
d6dd7330,6193,11.822832979899944,47.354239653696865,42.647723878026575,8.739501121577765
d7ba4f9d,6023,5.098116159708834,6.180841050431838,10.486077336265971,3.4633246907964663
d7eb0be8,5401,32.82610912419109,38.57552833256992,23.898974348280564,17.68059702420132
d84b621b,3994,21.82037371732548,55.228565269571675,26.406867754434074,5.114652309033175
d90aa14c,10018,11.994352891576654,222.14416478953,108.4239266483767,9.893064351996246
d924e971,3184,32.7702837302337,93.55389188162088,276.5929918962232,20.18678518495565
d9ae59b2,3648,5.0470807715641435,22.2749210025515,20.38964359412504,3.066963682221003
d9d6d94d,4919,9.3857291463184,75.80493085933374,54.68773348849334,9.385674475975334
d9eca87b,6373,26.443315428754445,20.68410984918068,10.307943019848329,16.260504248832227
da2d4d7c,2114,3.5771941153487132,4.162555883885317,2.567760844442646,3.319763669840062
da3bfe4e,5549,30.20824343453741,56.35607895112802,41.347413656629186,13.37249949469008
da3cf798,5844,16.905110806271015,94.36967085615808,693.714586692752,5.467027232444858
da940160,5132,11.224828130654686,23.186735100364533,33.06655276309812,5.344157356506285
dafc88c3,5572,6.877339398362787,5.690651643604423,5.204697411855715,4.570982044869498
dbee6c86,7369,4.395928954072107,9.797841733879753,9.337597013451104,3.9044519789190724
dc5fbe29,5203,7.9201039214922035,54.022577290802275,124.4580935903002,6.662206291591399
dc7da28f,4774,10.223244436669471,64.8168377286428,24.69938518986989,8.196919329136879
dc7f9757,4360,9.810154572145091,115.46478139843465,88.2388141825702,5.931647635089051
dd168de0,3304,2.9913571830542716,2.9629038656682503,2.9749933762235155,2.9733067070346735
dd64382d,3124,4.262126959206316,2.5005273855771444,2.4871138149601997,3.2466040685412683
dd6bc5b2,3602,11.780956097388067,44.36967501113104,301.7698631731268,8.258419533013749
dd7d638e,4301,6.017680647613085,21.433018971399235,18.395406798891184,5.9586334988808805
ddc790ff,4726,5.724817380990974,23.362917712533715,28.887395786103877,4.047517187979716
df71d1ff,6228,12.742621639442314,97.59009350400235,74.34687050380288,11.017207610626318
df73b8f3,5311,15.617554195793542,42.54617029280913,39.680976374901014,12.592692554727765
df8290be,3972,13.009724784668556,107.21983046238543,84.07216739515083,11.18260529717713
e0079ed1,3471,8.069511840769099,20.136950445306923,27.778659790617116,4.7309065741796195
e03b45fd,5342,15.75182643192855,99.13356620867995,288.35652047641645,15.248857321607355
e0f36d98,4976,14.253156162438394,54.07110858299551,396.7281670229547,8.91565967464283
e149204f,6097,4.546152895643239,75.64025619837307,43.990005987810314,4.532523704962285
e14d641e,3184,6.820600870242808,33.867315728831954,286.058315749342,6.057965609778391
e161bd0c,2949,4.33499689746737,5.19051935515044,4.929509541222505,4.2735762093242
e201fd6d,5070,16.371250707380042,18.931903382432864,19.46404142884437,13.432843807678141
e25f1537,3177,13.005049007414012,10.029640116508666,9.907212128283195,12.402200786800865
e2fc7745,3692,13.341394284804746,15.446732029032967,14.850479820910014,9.213381655237603
e32da4ec,4689,10.850139553093255,25.67484849364516,19.995559640755772,8.093522202766877
e3b34f5b,5455,10.347045761247115,82.19947378711929,57.20095849578529,8.871150208634415
e45a2a62,5007,19.872920518687707,125.348299943031,78.01077083589134,14.166393493301513
e46f4ef4,7195,4.926550809338883,29.332843712178782,19.193862649343533,4.914878376855828
e4726608,4733,6.271487164710907,38.4594049356318,75.98025994621374,4.650944186044618
e5864244,4469,26.806032670999695,131.24316020615737,98.15215982586814,9.288777678538105
e5c92e59,4295,7.71135994039849,29.18954748830457,70.47146729618568,6.138543512148345
e5ff9fd2,2354,8.891230852152741,26.51473564866685,21.548529449286836,5.254312299802624
e6c55748,4472,9.397103554297912,133.81088262506523,369.1922404641584,9.335543692260119
e730c32b,4728,11.654671854511827,19.57720550935266,70.61542390132391,5.250172761223673
e737965a,5955,9.897022674368223,10.540678844783796,10.365605989866873,9.82795524659124
e748dd88,4812,4.989931749983482,59.24780914440228,23.560685168140967,4.939969225974327
e7818f7a,5371,6.312633342217896,15.291950297591306,22.99276668131248,4.281125125742435
e7c36e81,3531,7.349841849963589,76.08813747871098,1573.766888397914,5.964623905530291
e7d0c1de,4711,6.860255388151551,5.411426620731705,5.764325428206742,3.8823124787246157
e85074c5,5675,11.347685731962262,30.31313448180094,11.542777510810122,4.2870881439846364
e97032ad,3530,11.959144677460708,57.75370455252968,1284.76743466246,4.024159189011058
e9949a23,4559,11.580872171010277,43.120323642405,23.22630108641726,10.974648430344265
ea0b99b7,9239,12.15975654126152,187.54650462072144,98.76993843680827,6.267119175356153
ea3a0e38,10052,9.232672132138227,223.20520413894607,432.61263245041346,8.496496148874366
ea41324e,5025,5.294230079936561,5.540011415992244,5.5133922969804505,5.129286473830881
eabc711b,5348,11.698478022871637,81.24710573599742,295.3961403224954,10.957395403833154
eac10e86,6067,5.617579051148656,3.6172361444565846,3.8187000656192747,3.2733839273489376
eafb863e,3568,13.457858083605023,43.03782459576337,200.12513214156525,6.530240690862338
eb06a4e7,4535,9.669099026629615,163.5468760798003,2152.9662063165156,9.529322710244184
eb640a35,6037,9.969896905690025,10.161727150902646,10.264141406974918,9.616621022925159
eb934281,5971,3.1374200876783114,14.808500580607713,15.362669519644804,2.6672524274839238
eba6605e,4410,15.631712662756936,129.40936738977126,51.43365422808348,9.050346327672727
ebe69318,4976,4.825325809935079,86.14541738474857,38.08304226212741,4.824194957176326
ec0d597b,4616,16.44325138720608,19.81961710722703,19.232554659816557,12.733727699693882
ec13af42,5462,10.906432170405786,105.55710158747839,53.346296024779726,8.792517216404207
ecdab904,6147,16.918396989500764,38.546257712447456,31.85361644285754,7.653069270979286
ecdaf714,6592,15.351875762973165,143.17181421372527,84.34152444997656,10.03804159571562
ed6436d6,2945,1.6175417954726792,3.054681304958842,2.664566441109542,1.091604322969002
ed6e6e54,6048,11.951935194527213,77.17536535154672,42.06385522765473,10.535643765245391
edf885a3,3117,12.288723348140039,28.75371910250772,22.75947860436111,8.52395411324501
ee0300f7,4544,25.680311432467565,15.708568422082386,5.176483219356287,7.4316630879172605
ee288beb,4638,27.522025330807587,228.9594479489335,809.5449876312624,19.780241510952845
ee4aecac,5265,10.778813139095936,36.17729027749577,39.216286042886715,3.86134121034327
eeda36f5,4797,5.470124457464137,93.42220166625249,147.03363912586087,3.248947043177331
eeed308d,3899,9.69013148078532,9.90923619998424,9.954780129525533,8.791650423973202
ef04658e,4104,15.448044048107809,8.077165637445336,12.508500717852819,7.852248825623531
ef8e3ed0,5224,14.635089490374893,32.54919261292617,77.81103220072457,8.70202092438021
efde6ac3,4559,10.202375669006345,127.11726537752509,335.2617763677895,7.006316130565304
efe96181,4012,27.539517372291407,61.71274722891708,119.80055968698893,5.283860846867712
f0188a48,4170,6.015986492439641,118.66143754344134,189.33574323671056,5.880201382408955
f021b650,3739,6.684494210561717,40.142497210898014,57.90765912025866,3.5957521844666727
f03f10fe,4145,9.378929872264584,96.12754822278444,259.76602794362714,6.598420866447043
f053a1b9,4108,10.028295659116962,80.82369146431756,77.00795519818406,4.734130280180557
f074d277,2453,12.187719616802815,13.078425005035733,12.974133764401486,6.573386304427469
f07d7037,5563,7.4960867974462735,29.17755171895697,23.95513492769896,3.687475389800362
f08774c3,3900,11.44575716149874,10.982189004820004,11.57321737893614,11.414146837216194
f140c2fa,4082,13.3161842942989,75.44227359776517,136.31698148209978,6.471883887079159
f16e25e3,4651,2.9647800324346743,42.113191128233986,25.30809528462486,2.897651393920687
f2d4c8c9,6249,4.229551942410153,90.18652968916719,65.00583034381395,3.4193458504785825
f321a31c,5141,12.557281531880928,15.461274429729716,15.83935841947923,10.857732372908254
f40cd091,5166,7.728760684292187,119.9901425664882,63.33481982233673,7.536369859429591
f439a621,2821,6.65613263851673,9.118021818862612,9.885985638262232,6.106404494019592
f49fdea3,5391,12.40626946494166,5.316252824007491,13.381836401149252,3.551841451243508
f4d12d23,3701,16.062842467413066,132.5572769367646,177.13238276960453,6.452397334475728
f56d3ace,5432,6.90314793936432,17.298449791145046,14.457401587978913,4.340857000216037
f5859199,5790,15.921573253079503,18.893012173719843,20.341132449220446,6.775406289685974
f5d8aab6,4444,15.698547978741031,72.27658148392409,35.4380874630984,5.809069457664415
f631da6e,4093,8.782664213746434,11.198249544153585,9.40297390116937,5.8200317153522345
f6824bb0,5015,20.837423542758717,76.19933405807825,117.39970389626026,10.90752451296806
f6bc699b,3752,10.622157035929634,11.092802981546075,8.855927610409415,8.169863891958915
f6d009f4,6715,47.03924865295554,1209.825338345892,293.91040881219135,24.297795518719422
f72b268f,6404,12.93812397222547,21.01482015743615,16.392903651690055,8.956446086656037
f8662c22,5429,15.629207250700455,24.096301927450707,27.143533749435537,7.236314635345988
f88ddb26,4990,51.40308485650886,23.802337291245436,102.93684765239367,21.90938115193024
f8afa78a,6032,14.720946843240096,40.17839037687747,70.78494258398341,5.606153490180768
f8f59188,4807,6.924261008500594,8.283935428517442,7.221933609971715,4.986308522046015
f9fc81aa,5598,8.639067487231838,31.238828128051527,80.4719659416003,8.638822578576436
fa16d114,5686,20.815118518803075,66.03038358124799,42.40596135613367,12.892847168454438
fa31da94,5027,5.188297076747949,37.77361189495944,46.22073128684859,4.8118042655320235
fa667be2,7296,8.802015991385062,13.40935550815494,14.830441246212619,5.224407851863447
fae0c593,4403,10.97095627674098,104.50578693210181,73.78280425128548,10.942039680111515
fb03ae90,6431,42.88755217158539,124.24990279814523,130.03946851018003,10.996775919286819
fb0904bd,3181,1.7987576836953807,50.63821418226109,71.98886677918064,1.2610828027696304
fb3848a1,5919,9.958923975567506,18.27745614519606,18.22356378776901,5.9471505984498405
fb73b13a,5640,9.977934385041513,154.05089510431029,713.9623785601235,9.071846871616664
fba7683c,407,2.555309739035002,2.6684783569808728,2.7560981524388346,2.2695757662198366
fbd68d27,6829,22.09543667740266,193.6935365300318,254.99910730738955,9.158954385110883
fc03f21f,4803,12.90913373270699,336.954983091667,221.76618138286537,7.959128969122935
fc0d20b2,3954,11.932087953866953,12.243480461170048,9.402140023323959,9.166183403043284
fcfcc902,2791,8.80765155445474,8.29859383291599,8.316681649676772,2.945835258869239
fd3b4faa,5022,7.446926041471426,7.820382634127249,7.721254402119192,6.646911621338692
fd710aea,4217,7.203999750290396,40.05475215770831,106.71654786935989,4.736256633200471
fd8f77fa,5272,27.415343744152285,136.15362235655581,207.75067753677493,10.664314481733843
fde20ecf,4667,16.31905728866344,15.145610437761425,14.28719084163273,6.810458829981457
fdfd57da,5236,4.29522046585047,4.7719416387518265,4.791462454043376,3.5960205358112893
febb4411,4247,13.027667980552959,56.46541963209053,44.488889238322976,7.153104398526066
fef8af96,3826,44.55173272632465,93.5240960710055,56.667160778502215,24.43386947396117
ff0aea78,3261,30.697786830378174,75.16241629038183,49.13622925518912,11.081735670389884
ff8bb73a,5927,9.861864748200674,12.372886442420507,10.596590897320027,9.208487962373786
ffefef30,4570,7.035568765607176,43.25671789526521,31.74180832115285,6.458977287602477
