well_id,rows,TVT_min,TVT_max,TVT_range,TVT_mean,GR_min,GR_max,GR_range,GR_mean,geo_unique,geo_missing_pct
000d7d20,1296,11223.95,11871.45,647.5,11547.699999999999,28.66,158.17999999999998,129.51999999999998,83.25763888888889,10,23.070987654320987
00bbac68,1946,11394.45,12366.95,972.5,11880.7,31.86,215.44,183.57999999999998,92.3441726618705,6,47.3792394655704
00e12e8b,2556,10593.95,11871.45,1277.5,11232.699999999999,28.66,195.42,166.76,95.76901408450705,10,60.99374021909233
015fe0d2,1265,11734.95,12366.95,632.0,12050.949999999997,31.86,215.44,183.57999999999998,81.7350118577075,6,19.051383399209488
01869cd4,1052,11345.95,11871.45,525.5,11608.699999999999,28.66,145.20999999999998,116.54999999999998,76.89226235741445,10,5.228136882129278
01982c1d,2213,9915.37,11021.27,1105.8999999999996,10468.310704925441,30.96,207.46,176.5,94.23446452779032,10,47.537279710799815
028d7b28,1774,11862.45,12748.95,886.5,12305.7,29.71,233.85,204.14,83.02681510710259,6,39.00789177001127
02e7fe5a,1006,11782.62,12285.1,502.47999999999956,12033.857246520873,26.77,120.06,93.29,63.92459244532803,6,1.0934393638170974
0390d174,1709,10102.6,10956.570000000002,853.9700000000012,10529.584341720305,22.9,177.14999999999998,154.24999999999997,69.85925687536572,6,31.36337039204213
03a935ae,1616,12179.95,12987.45,807.5,12583.699999999999,21.06,214.25,193.19,84.53152227722772,5,49.81435643564357
044af7d1,1503,11300.9,12051.84,750.9400000000005,11676.373013972056,32.93,238.11,205.18,89.56046573519627,6,19.960079840319363
0498acab,1914,10638.42,11594.55,956.1299999999992,11116.528448275862,27.21,224.46,197.25,85.15380877742948,6,35.318704284221525
052d64df,2170,10510.42,11594.55,1084.1299999999992,11052.545147465438,27.21,224.46,197.25,88.2105069124424,6,42.94930875576037
05948241,1900,10014.47,10963.71,949.2399999999998,10489.115205263159,24.5,198.91,174.41,90.09732631578946,7,40.94736842105263
059c8f24,1634,9544.45,10362.45,818.0,9952.808323133413,19.08,195.58,176.5,85.45225214198285,7,29.069767441860467
05a0ee4d,1843,11130.9,12051.84,920.9400000000005,11591.37799240369,32.93,238.11,205.18,95.28601736299512,6,34.725990233315244
060ab2b8,1082,9997.22,11077.56,1080.3400000000001,10537.423022181147,23.92,192.06,168.14,91.88214417744916,7,0.0
06df5958,1234,10755.95,11372.45,616.5,11064.199999999999,29.9,231.0,201.1,87.96239870340357,6,20.583468395461914
071d7b45,1088,10125.070000000002,10668.02,542.9499999999989,10396.54380514706,24.39,141.2,116.80999999999999,64.90039522058824,6,0.0
0849b4e2,2288,11038.45,12181.95,1143.5,11610.199999999999,34.4,157.26,122.85999999999999,82.42093094405595,10,46.80944055944056
084d66f9,2060,10115.96,11145.28,1029.3200000000015,10630.603747572815,23.41,153.88,130.47,80.67446116504856,7,43.203883495145625
08fecf00,4437,11217.12,12325.65,1108.5299999999988,11771.471156186613,26.38,179.08999999999995,152.70999999999995,83.12580347081361,7,48.636466080685146
09053135,1856,10664.45,11591.95,927.5,11128.2,25.9,145.91,120.00999999999999,83.95696659482759,6,37.5
09441b8d,2055,10339.45,11366.45,1027.0,10852.95,22.82,168.04,145.22,85.83227250608273,6,41.216545012165454
0955cd6c,3602,11425.84,12325.65,899.8099999999995,11875.814705719045,26.38,168.11,141.73000000000002,81.10171016102166,7,36.729594669627986
09ec2ca9,1784,10230.95,11122.45,891.5,10676.699999999999,38.91,273.82,234.91,126.59091928251122,6,36.827354260089685
0a57a29c,1395,10669.45,11366.45,697.0,11017.949999999999,22.82,168.04,145.22,72.22206451612904,6,13.405017921146953
0bbf5e67,1609,10167.95,10971.95,804.0,10569.949999999999,31.8,198.4,166.6,88.26904288377875,5,40.1491609695463
0be01c24,2003,10536.92,11537.41,1000.4899999999998,11037.225262106842,28.58,224.14,195.56,93.4584323514728,6,39.69046430354468
0c1b160c,1464,10580.03,11311.5,731.4699999999993,10945.760409836064,33.05,256.22,223.17000000000002,101.41101092896174,6,19.672131147540984
0d99f8e4,1459,10637.45,11366.45,729.0,11001.949999999999,22.82,168.04,145.22,73.01137765592873,6,17.20356408498972
0dc5e64d,1573,10336.45,11122.45,786.0,10729.45,38.91,273.82,234.91,118.75450095359186,6,28.35346471710108
0dc835f3,1194,10424.81,11021.27,596.460000000001,10723.040510887773,30.96,183.96,153.0,68.81492462311557,10,2.763819095477387
0dd99dc5,1992,11753.45,12748.95,995.5,12251.200000000003,29.71,233.85,204.14,85.1135843373494,6,45.682730923694784
0e5e560d,1833,10206.45,11122.45,916.0,10664.449999999999,38.91,273.82,234.91,128.45308237861428,6,38.51609383524277
109d9d70,2992,11578.33,12325.65,747.3199999999997,11952.034963235297,26.38,168.11,141.73000000000002,75.33989304812835,7,23.830213903743317
10a1281a,1896,10418.95,11366.45,947.5,10892.7,22.82,168.04,145.22,83.39699894514769,6,36.28691983122363
10b89021,1006,11782.62,12285.1,502.47999999999956,12033.857246520873,26.77,120.06,93.29,63.92459244532803,6,1.0934393638170974
10be2420,2012,9958.47,10963.71,1005.2399999999998,10461.121038767396,24.5,198.91,174.41,92.69810139165011,7,44.23459244532803
113011eb,1196,12151.45,12748.95,597.5,12450.199999999999,29.71,233.85,204.14,74.21729096989966,6,9.531772575250837
1131525f,1241,10752.45,11372.45,620.0,11062.449999999999,29.9,231.0,201.1,88.13779210314263,6,21.031426269137793
11d0f5ac,695,10384.02,11077.56,693.539999999999,10730.810302158276,23.92,192.06,168.14,77.92112230215827,7,0.0
12203f2a,1940,11212.45,12181.95,969.5,11697.200000000003,34.4,156.51999999999998,122.11999999999998,80.40560824742268,10,37.2680412371134
122bd617,2363,9782.98,10963.71,1180.7299999999996,10373.386407109605,24.5,198.91,174.41,97.13354633939908,7,52.51798561151079
125be846,1426,10882.39,11594.55,712.1599999999999,11238.483758765778,27.21,224.46,197.25,73.78562412342215,6,13.183730715287517
1285a37b,2011,11868.45,12873.45,1005.0,12370.95,34.36,207.01,172.64999999999998,94.14689706613625,7,46.79264047737444
1295a25b,1336,11203.95,11871.45,667.5,11537.699999999999,28.66,158.17999999999998,129.51999999999998,84.23887724550899,10,25.37425149700599
12f0cd90,1392,10842.320000000002,11537.41,695.0899999999983,11189.91021551724,28.58,224.14,195.56,79.54806034482759,6,13.218390804597702
137d1e44,1998,11874.95,12873.45,998.5,12374.2,34.36,207.01,172.64999999999998,94.13341841841842,7,46.44644644644645
13ce113d,2191,10271.45,11366.45,1095.0,10818.949999999997,22.82,168.04,145.22,87.39066636239161,6,44.86535828388863
13f598d9,1781,11858.95,12748.95,890.0,12303.950000000003,29.71,233.85,204.14,83.1072318921954,6,39.24761370016844
14a53cb3,1959,10372.33,11350.94,978.6100000000006,10861.723333333332,45.46,226.9,181.44,124.49183767228178,6,39.66309341500766
14ab73fb,1449,10639.95,11372.45,732.5,11009.540752242923,29.9,231.0,201.1,92.58523119392684,6,32.367149758454104
14ad5efb,1401,10837.820000000002,11537.41,699.5899999999983,11187.661241970021,28.58,224.14,195.56,79.9086438258387,6,13.77587437544611
14fee784,1382,10330.820000000002,11021.27,690.4499999999989,10676.043943560058,30.96,207.46,176.5,76.33709117221417,10,15.991316931982633
153552f5,2115,11309.95,12366.95,1057.0,11838.45,31.86,215.44,183.57999999999998,92.8943498817967,6,51.58392434988179
1550491d,1197,10939.79,11537.41,597.619999999999,11238.636374269006,28.58,224.14,195.56,72.92989974937343,6,0.0
155887bb,2122,11306.45,12366.95,1060.5,11836.699999999999,31.86,215.44,183.57999999999998,92.90491988689915,6,51.74363807728558
1590af81,1219,10982.95,11591.95,609.0,11287.449999999999,25.9,145.91,120.00999999999999,67.24182116488926,6,4.8400328137817885
15e154a1,3707,10209.95,11136.45,926.5,10673.2,24.82,207.12,182.3,93.57840841650932,7,38.46776369031562
1619e2ca,1655,10764.95,11591.95,827.0,11178.45,25.9,145.91,120.00999999999999,79.7680241691843,6,29.909365558912388
16e4a047,4060,11142.2,12156.95,1014.75,11649.575000000003,27.79,203.62,175.83,85.07382019704433,7,41.92118226600986
173ed841,1827,11960.45,12873.45,913.0,12416.950000000003,34.36,207.01,172.64999999999998,92.35642036124794,7,41.43404488232074
1770d7c6,1955,11771.95,12748.95,977.0,12260.450000000004,29.71,233.85,204.14,84.89750895140665,6,44.65473145780051
177622d7,1268,11733.45,12366.95,633.5,12050.199999999999,31.86,215.44,183.57999999999998,81.81294952681388,6,19.242902208201894
18d24f7b,1649,10542.45,11366.45,824.0,10954.449999999999,22.82,168.04,145.22,78.13483929654336,6,26.743480897513646
19137a89,1572,10336.95,11122.45,785.5,10729.699999999999,38.91,273.82,234.91,118.71714376590329,6,28.30788804071247
1944513c,2235,10420.95,11537.41,1116.4599999999991,10979.247315436241,28.58,224.14,195.56,96.22736017897091,6,45.950782997762865
197f8a5a,2157,10032.64,11110.62,1077.9800000000014,10571.629350950394,38.67,221.13,182.45999999999998,116.0491608715809,6,44.4598980064905
19871e7f,2077,11710.95,12748.95,1038.0,12229.95,29.71,233.85,204.14,85.42102551757343,6,47.90563312469909
198a5607,1987,10318.55,11311.5,992.9500000000007,10815.018515349775,33.05,256.22,223.17000000000002,118.82162556618016,6,40.81529944640161
19fb4f7b,2445,11651.45,12873.45,1222.0,12262.45,34.36,207.01,172.64999999999998,96.58616768916156,7,56.23721881390593
1a518997,1900,10416.95,11366.45,949.5,10891.7,22.82,168.04,145.22,83.47477894736843,6,36.421052631578945
1a68190b,2059,11952.95,12981.95,1029.0,12467.450000000003,28.29,176.98999999999998,148.7,86.14311801845555,6,45.84749878581836
1a730ac2,1277,10956.86,11594.55,637.6899999999987,11275.717204385279,27.21,224.46,197.25,68.58623335943618,6,3.0540328895849647
1aaf1da0,1812,11146.4,12051.84,905.4400000000005,11599.12761589404,32.93,238.11,205.18,95.04061810154526,6,33.609271523178805
1b08ed48,1498,11530.95,12279.45,748.5,11905.199999999999,30.84,157.13,126.28999999999999,82.20941255006676,6,27.03604806408545
1b1c5372,1284,10315.09,10956.570000000002,641.4800000000014,10635.831573208721,22.9,152.86,129.96,57.96904984423676,6,8.644859813084112
1b1eba53,2414,11780.95,12987.45,1206.5,12384.199999999999,21.06,218.7,197.64,92.0510811930406,5,66.40430820215411
1b6ba517,2086,11160.45,12202.95,1042.5,11681.7,18.53,317.9,299.37,96.54558485139023,7,0.0
1b82b665,1685,10114.6,10956.570000000002,841.9700000000012,10535.584118694362,22.9,177.14999999999998,154.24999999999997,69.43486646884273,6,30.38575667655786
1bcb2fcf,1474,11916.55,12652.570000000002,736.0200000000023,12284.59039348711,29.83,189.64,159.81,85.57428086838534,6,27.340569877883308
1beca81d,1529,10746.76,11510.29,763.5300000000007,11128.508436886856,27.6,158.72,131.12,78.58765206017004,6,24.85284499672989
1d3fbf02,1191,11276.45,11871.45,595.0,11573.949999999999,28.66,158.17999999999998,129.51999999999998,80.41809403862301,10,16.288832913518053
1d78281a,2153,11905.95,12981.95,1076.0,12443.949999999999,28.29,176.98999999999998,148.7,86.81995355318162,6,48.211797491871806
1e30dedf,1342,10286.09,10956.570000000002,670.4800000000014,10621.331937406856,22.9,177.14999999999998,154.24999999999997,60.01754843517138,6,12.593144560357675
1e5e3573,3420,11471.34,12325.65,854.3099999999995,11898.55670760234,26.38,168.11,141.73000000000002,79.4400029239766,7,33.36257309941521
1f9afacb,3990,11159.7,12156.95,997.25,11658.325000000003,27.79,203.62,175.83,84.70725313283208,7,40.902255639097746
1fdbba44,1315,12324.95,12981.95,657.0,12653.449999999999,28.29,160.94,132.65,75.28486692015208,6,15.209125475285171
1fee2b62,2029,11734.95,12748.95,1014.0,12241.950000000003,29.71,233.85,204.14,85.30304090685067,6,46.67323804829965
20096916,1907,11098.9,12051.84,952.9400000000005,11575.378730991086,32.93,238.11,205.18,95.778725747247,6,36.91662296801258
200d233d,3317,11327.95,12156.95,829.0,11742.450000000003,27.79,203.62,175.83,79.80231835996383,7,28.91166716912873
201661b5,5163,11035.65,12325.65,1290.0,11680.74386403254,26.38,179.08999999999995,152.70999999999995,83.61858028278132,7,55.858996707340694
203721ab,1513,10610.45,11366.45,756.0,10988.449999999999,22.82,168.04,145.22,74.34436219431593,6,20.15862524785195
20402d71,1674,10274.13,11110.62,836.4900000000016,10692.377568697728,38.67,210.4,171.73000000000002,106.48550776583033,6,28.43488649940263
2043abc5,1420,10885.39,11594.55,709.1599999999999,11239.983098591549,27.21,224.46,197.25,73.56368309859154,6,12.816901408450704
204cc64b,2198,11774.95,12873.45,1098.5,12324.199999999997,34.36,207.01,172.64999999999998,94.98260236578709,7,51.31938125568699
206b6193,1776,10707.42,11594.55,887.1299999999992,11151.017449324325,27.21,224.46,197.25,82.6431981981982,6,30.292792792792795
2075c696,2593,10070.45,11366.45,1296.0,10718.449999999999,22.82,169.39,146.57,92.54881604319321,6,53.41303509448515
22c5f93f,2039,11032.9,12051.84,1018.9400000000005,11542.380107896026,32.93,238.11,205.18,97.35304070622854,6,41.00049043648848
230eaaa3,2184,10503.42,11594.55,1091.1299999999992,11049.045947802198,27.21,224.46,197.25,88.28269230769232,6,43.315018315018314
2364716c,3780,10191.7,11136.45,944.75,10664.075,24.82,207.12,182.3,94.39764021164022,7,39.65608465608466
23b9beb0,1422,10881.45,11591.95,710.5,11236.699999999999,25.9,145.91,120.00999999999999,74.15997187060478,6,18.424753867791843
24d8997e,1782,10460.81,11350.94,890.130000000001,10905.96406285073,45.46,226.9,181.44,122.79572951739618,6,33.670033670033675
25050f63,1743,10239.63,11110.62,870.9900000000016,10675.127664945496,38.67,210.4,171.73000000000002,107.58573149741824,6,31.267928858290304
25939962,1863,11435.95,12366.95,931.0,11901.45,31.86,215.44,183.57999999999998,92.21902844873858,6,45.03488996242619
25fd32b3,1384,10659.79,11350.94,691.1499999999996,11005.439125722543,45.46,226.9,181.44,114.85973988439306,6,14.595375722543352
261785ee,2537,10323.95,11591.95,1268.0,10957.949999999997,25.9,147.32,121.41999999999999,90.05156484036263,6,54.27670476941269
264feceb,1887,10423.45,11366.45,943.0,10894.949999999999,22.82,168.04,145.22,83.23713301536831,6,35.9830418653948
26623a50,1951,10562.92,11537.41,974.4899999999998,11050.220071758074,28.58,224.14,195.56,93.02170169144027,6,38.0830343413634
26d3a96a,2029,11859.45,12873.45,1014.0,12366.450000000003,34.36,207.01,172.64999999999998,94.09224248398226,7,47.2646623952686
272abef3,1504,10843.4,11594.55,751.1499999999996,11218.99200797872,27.21,224.46,197.25,76.27650265957446,6,17.68617021276596
27300fd5,2183,11782.45,12873.45,1091.0,12327.949999999997,34.36,207.01,172.64999999999998,94.88427851580394,7,50.984883188273024
276b012a,1592,11953.45,12748.95,795.5,12351.199999999999,29.71,233.85,204.14,80.84059045226131,6,32.03517587939699
27c3155b,2505,11724.88,12976.83,1251.9500000000007,12350.86401197605,29.43,241.94,212.51,104.37033133732535,6,55.0499001996008
27ebb9b9,2190,11108.45,12202.95,1094.5,11655.699999999999,18.53,317.9,299.37,98.07298630136987,7,0.0
283269ac,2146,10522.42,11594.55,1072.1299999999992,11058.543751164958,27.21,224.46,197.25,88.07541006523765,6,42.311276794035415
28473855,5139,9851.95,11136.45,1284.5,10494.199999999997,24.82,218.54,193.72,102.86312706752287,7,55.61393267172602
28f4eda9,1157,10532.63,11110.62,577.9900000000016,10821.626482281763,38.67,196.39,157.71999999999997,97.60873811581676,6,0.0
29b24409,1830,10451.95,11366.45,914.5,10909.2,22.82,168.04,145.22,82.06567213114754,6,33.98907103825137
29de15c8,1693,11335.95,12181.95,846.0,11758.95,34.4,156.51999999999998,122.11999999999998,76.25655050206734,10,28.115770821027763
2ab29395,1052,11841.45,12366.95,525.5,12104.199999999999,31.86,215.44,183.57999999999998,75.59138783269962,6,2.6615969581749046
2ac7cb6b,1370,10336.820000000002,11021.27,684.4499999999989,10679.043715328467,30.96,207.46,176.5,75.4027591240876,10,15.255474452554745
2acc78d4,1958,11073.4,12051.84,978.4400000000005,11562.629284984678,32.93,238.11,205.18,96.37303881511745,6,38.559754851889686
2b034622,7824,9454.55,10236.85,782.3000000000011,9845.7,23.12,193.59,170.47,75.57741180981594,6,18.98006134969325
2b06ad65,1492,11436.45,12181.95,745.5,11809.199999999999,34.4,156.51999999999998,122.11999999999998,73.56291554959785,10,18.43163538873995
2b547943,1802,11466.45,12366.95,900.5,11916.7,31.86,215.44,183.57999999999998,91.97364594894562,6,43.17425083240843
2be5c96a,1744,11180.4,12051.84,871.4400000000005,11616.126743119266,32.93,238.11,205.18,94.47820527522937,6,31.020642201834864
2bff06cf,1997,10147.45,11145.28,997.8299999999999,10646.350405608411,23.41,153.88,130.47,79.97916374561844,7,41.4121181772659
2c0c4a4e,3752,10198.7,11136.45,937.75,10667.574999999999,24.82,207.12,182.3,94.11277185501066,7,39.20575692963752
2cee0cba,795,10451.45,11245.45,794.0,10848.45,43.39,183.1,139.70999999999998,94.51535849056603,5,37.86163522012579
2d0c268a,2018,10529.43,11537.41,1007.9799999999996,11033.476729435084,28.58,224.14,195.56,93.55977205153617,6,40.13875123885035
2d179ded,2278,9706.95,10845.45,1138.5,10276.199999999999,22.7,209.56,186.86,89.32477172958737,7,43.942054433713785
2d196986,1876,10413.820000000002,11350.94,937.119999999999,10882.468965884862,45.46,226.9,181.44,123.94142857142857,6,36.99360341151386
2d2d0c6b,1920,10391.820000000002,11350.94,959.119999999999,10871.471281250002,45.46,226.9,181.44,124.28356770833334,6,38.4375
2d35f86d,1747,11178.9,12051.84,872.9400000000005,11615.37678305667,32.93,238.11,205.18,94.50940469376073,6,31.13909559244419
2d9f6cb9,1123,12187.95,12748.95,561.0,12468.449999999999,29.71,233.85,204.14,72.95365983971504,6,3.6509349955476402
2ddad940,1551,11096.45,11871.45,775.0,11483.949999999997,28.66,195.42,166.76,88.99025789813025,10,35.71889103803997
2e29e833,3980,11331.35,12325.65,994.2999999999993,11828.579886934675,26.38,168.11,141.73000000000002,82.22955778894473,7,42.73869346733669
2e43c2ea,1836,10433.81,11350.94,917.130000000001,10892.466884531592,45.46,226.9,181.44,123.49985838779956,6,35.62091503267974
2e63d9de,1845,11731.09,12652.570000000002,921.4800000000014,12191.88819512195,29.83,189.64,159.81,91.89467208672086,6,41.951219512195124
2ee0235b,1849,10442.45,11366.45,924.0,10904.45,22.82,168.04,145.22,82.42686857760951,6,34.66738777717685
2f19d536,1294,11720.45,12366.95,646.5,12043.699999999997,31.86,215.44,183.57999999999998,82.60207109737247,6,20.86553323029366
2f8e53c3,3039,11397.45,12156.95,759.5,11777.199999999999,27.79,203.62,175.83,77.9757946692991,7,22.40868706811451
2fa01aa6,1878,11936.34,12874.68,938.3400000000001,12405.493120340787,27.93,198.11,170.18,89.34007987220448,6,38.498402555910545
2fd68f7b,1782,10066.1,10956.570000000002,890.4700000000012,10511.334983164985,22.9,177.14999999999998,154.24999999999997,70.83100448933783,6,34.17508417508417
2fe023be,2077,10553.95,11591.95,1038.0,11072.949999999999,25.9,147.32,121.41999999999999,85.97523350987001,6,44.15021665864227
30d75030,1448,10297.83,11021.27,723.4400000000005,10659.545296961329,30.96,207.46,176.5,79.72401243093924,10,19.82044198895028
310c71a5,1956,10388.95,11366.45,977.5,10877.699999999999,22.82,168.04,145.22,84.43346625766873,6,38.24130879345603
32fe84c9,1723,11418.45,12279.45,861.0,11848.95,30.84,157.13,126.28999999999999,86.25139291932673,6,36.56413232733604
33c40295,1977,10603.95,11591.95,988.0,11097.95,25.9,147.32,121.41999999999999,85.17596358118361,6,41.32524026302479
3407f5bf,1529,10381.37,11145.28,763.9099999999999,10763.331000654021,23.41,153.88,130.47,73.67321124918247,7,23.479398299542183
3417285d,1006,11782.62,12285.1,502.47999999999956,12033.857246520873,26.77,120.06,93.29,63.92459244532803,6,1.0934393638170974
347242c8,1884,11240.45,12181.95,941.5,11711.200000000003,34.4,156.51999999999998,122.11999999999998,79.56392250530786,10,35.403397027600846
353e5502,879,10341.45,11219.45,878.0,10780.45,48.540000000000006,209.92,161.38,124.00372013651878,5,42.43458475540387
357c12f9,2172,9796.17,10881.6,1085.4300000000003,10338.88673112339,26.08,177.98999999999998,151.90999999999997,90.5627946593002,13,52.16390423572744
3584a6eb,1833,11450.95,12366.95,916.0,11908.950000000003,31.86,215.44,183.57999999999998,92.12238952536825,6,44.135297326786684
35b30c7f,3179,10341.95,11136.45,794.5,10739.199999999999,24.82,207.12,182.3,84.85177728845548,7,28.247876690783265
35b3ef6a,1498,10133.16,10881.6,748.4400000000005,10507.372656875834,26.08,142.61999999999998,116.53999999999998,78.42925901201602,13,30.640854472630174
367456ce,1725,10159.33,11021.27,861.9400000000005,10590.300869565219,30.96,207.46,176.5,87.99668405797101,10,32.69565217391304
368131f9,1354,11375.4,12051.84,676.4400000000005,11713.620044313146,32.93,238.11,205.18,85.61670605612998,6,11.152141802067947
368fe682,1263,10741.45,11372.45,631.0,11056.949999999999,29.9,231.0,201.1,88.69469517022961,6,22.406967537608868
3690a146,1965,10384.45,11366.45,982.0,10875.45,22.82,168.04,145.22,84.57980661577608,6,38.524173027989825
37344c2a,1692,10299.9,11145.28,845.380000000001,10722.586099290782,23.41,153.88,130.47,76.13949172576831,7,30.851063829787233
373ef48b,1502,10615.95,11366.45,750.5,10991.199999999999,22.82,168.04,145.22,73.95713049267643,6,19.573901464713714
374be387,1955,9868.45,10845.45,977.0,10356.95,22.7,209.56,186.86,83.53049104859335,7,34.68030690537084
37d36812,1755,11489.95,12366.95,877.0,11928.45,31.86,215.44,183.57999999999998,91.57094017094018,6,41.65242165242165
38991fd4,3812,10380.28,11331.96,951.6799999999985,10856.16650577125,22.58,196.86,174.28000000000003,88.1035388247639,6,37.408184679958026
389ae58f,1972,10885.95,11871.45,985.5,11378.7,28.66,195.42,166.76,93.2038742393509,10,49.44219066937119
3932faa6,2262,11072.45,12202.95,1130.5,11637.699999999997,18.53,317.9,299.37,99.08876215738285,7,0.0
398dce4b,1944,9992.47,10963.71,971.2399999999998,10478.117577160494,24.5,198.91,174.41,91.20954218106996,7,42.28395061728395
39b51819,1783,10254.42,11145.28,890.8600000000006,10699.839943914749,23.41,153.88,130.47,77.19945036455412,7,34.38025799214807
3a0af893,2491,11703.55,12325.65,622.1000000000004,12014.62889201124,26.38,168.11,141.73000000000002,70.22602167804094,7,8.51063829787234
3a223519,2234,11865.45,12981.95,1116.5,12423.699999999999,28.29,176.98999999999998,148.7,87.34683079677708,6,50.08952551477171
3a7dd95d,1256,11439.95,12067.45,627.5,11753.699999999997,21.97,173.91,151.94,71.40611464968151,6,0.0
3a824aa7,1417,11658.95,12366.95,708.0,12012.949999999999,31.86,215.44,183.57999999999998,85.55016231474946,6,27.73465067043049
3a86fe8d,1405,10892.88,11594.55,701.6700000000001,11243.731466192172,27.21,224.46,197.25,72.98716725978646,6,11.886120996441282
3aaa2b30,1401,10321.320000000002,11021.27,699.9499999999989,10671.294296930766,30.96,207.46,176.5,77.54286937901499,10,17.130620985010705
3ac16ad0,1878,10172.13,11110.62,938.4900000000016,10641.377832800852,38.67,221.13,182.45999999999998,110.88996272630456,6,36.2087326943557
3b21ea64,2114,11692.45,12748.95,1056.5,12220.699999999999,29.71,233.85,204.14,85.4647445600757,6,48.81740775780511
3bbe1f5d,1843,10445.45,11366.45,921.0,10905.95,22.82,168.04,145.22,82.31965274009768,6,34.454693434617475
3bfee975,1365,11684.95,12366.95,682.0,12025.949999999997,31.86,215.44,183.57999999999998,84.2809010989011,6,24.98168498168498
3c3dbcbc,1767,11168.9,12051.84,882.9400000000005,11610.377045840409,32.93,238.11,205.18,94.65786078098472,6,31.918505942275043
3d96d897,1488,10622.95,11366.45,743.5,10994.699999999999,22.82,168.04,145.22,73.42076612903226,6,18.817204301075268
3df4b19e,1832,10622.4,11537.41,915.0100000000002,11079.957936681223,28.58,224.14,195.56,91.4223307860262,6,34.06113537117904
3e011332,2505,10339.95,11591.95,1252.0,10965.949999999999,25.9,147.32,121.41999999999999,89.90130538922155,6,53.69261477045908
3e678ea7,1623,11842.08,12652.570000000002,810.4900000000016,12247.361072088726,29.83,189.64,159.81,88.19440542205791,6,34.011090573012936
3ef6372a,2119,10535.92,11594.55,1058.6299999999992,11065.292142520057,27.21,224.46,197.25,87.90952336007551,6,41.5762151958471
3ef98781,1402,11481.45,12181.95,700.5,11831.699999999999,34.4,156.51999999999998,122.11999999999998,71.30712553495007,10,13.195435092724678
3f603129,1345,10450.45,11122.45,672.0,10786.449999999997,38.91,273.82,234.91,107.21342750929368,6,16.20817843866171
404c4384,1787,10070.97,10963.71,892.7399999999998,10517.358578623393,24.5,198.91,174.41,86.52428091773923,7,37.21320649132625
4121c517,2113,10066.45,11122.45,1056.0,10594.449999999999,38.91,273.82,234.91,133.95638428774254,6,46.66351159488878
41fb0192,1250,12124.45,12748.95,624.5,12436.699999999999,29.71,233.85,204.14,75.23376800000001,6,13.44
42669188,2155,10794.45,11871.45,1077.0,11332.949999999999,28.66,195.42,166.76,94.39357772621808,10,53.735498839907194
42c538a1,1097,10824.45,11372.45,548.0,11098.449999999999,29.9,231.0,201.1,86.31923427529627,6,10.665451230628987
43b06c70,1888,11108.4,12051.84,943.4400000000005,11580.128516949151,32.93,238.11,205.18,95.64087394067796,6,36.28177966101695
43c7f85a,1409,10406.63,11110.62,703.9900000000016,10758.627111426544,38.67,204.21,165.54000000000002,102.76908445706175,6,14.97515968772179
43e16325,2417,9937.5,11145.28,1207.7800000000007,10541.37328506413,23.41,191.1,167.69,86.15443938767066,7,51.59288374017377
44441e54,2475,11538.45,12156.95,618.5,11847.699999999999,27.79,203.62,175.83,69.78060202020201,7,4.7272727272727275
445af6c2,2137,10298.45,11366.45,1068.0,10832.449999999999,22.82,168.04,145.22,86.83195133364529,6,43.47215722976135
4463446c,1088,10125.070000000002,10668.02,542.9499999999989,10396.54380514706,24.39,141.2,116.80999999999999,64.90039522058824,6,0.0
44a94013,668,10411.01,11077.56,666.5499999999993,10744.302065868264,23.92,192.06,168.14,76.80726047904191,7,0.0
45fb3e21,2177,10503.95,11591.95,1088.0,11047.949999999997,25.9,147.32,121.41999999999999,87.24163987138265,6,46.7156637574644
460f859e,1607,10548.3,11350.94,802.6400000000012,10949.703827006848,45.46,226.9,181.44,120.23068450528937,6,26.446795270690725
4630ab92,4421,11051.95,12156.95,1105.0,11604.449999999997,27.79,203.62,175.83,86.3624949106537,7,46.663650757747114
463c38f2,2458,10718.46,11331.96,613.5,11025.233067534582,22.58,169.79,147.20999999999998,69.51666802278275,6,2.9292107404393817
4654e7de,1517,10608.45,11366.45,758.0,10987.449999999997,22.82,168.04,145.22,74.48356624917601,6,20.369149637442323
466fc788,4112,11129.2,12156.95,1027.75,11643.075,27.79,203.62,175.83,85.31472762645915,7,42.6556420233463
46a301e9,2133,10245.55,11311.5,1065.9500000000007,10778.520670417252,33.05,256.22,223.17000000000002,119.97210501640882,6,44.86638537271448
46a7190b,1384,11961.53,12652.570000000002,691.0400000000009,12307.077413294797,29.83,189.64,159.81,83.50720375722544,6,22.615606936416185
46d24a09,1665,12149.95,12981.95,832.0,12565.95,28.29,176.98999999999998,148.7,82.86681681681682,6,33.033033033033036
46d41ff6,1220,11669.95,12279.45,609.5,11974.7,30.84,157.13,126.28999999999999,75.01617213114754,6,10.40983606557377
46dfcfca,1271,12018.0,12652.570000000002,634.5700000000015,12335.310684500393,29.83,189.64,159.81,80.36836349331236,6,15.735641227380015
47222616,1208,11763.45,12366.95,603.5,12065.199999999999,31.86,215.44,183.57999999999998,79.89576986754966,6,15.2317880794702
47ee27ab,2191,10499.92,11594.55,1094.6299999999992,11047.2963441351,27.21,224.46,197.25,88.33596531264263,6,43.496120492925606
481de5fc,1874,11266.45,12202.95,936.5,11734.700000000003,18.53,317.9,299.37,93.00691035218784,7,0.0
48c1f673,1989,9962.6,10956.570000000002,993.9700000000012,10459.586546003016,22.9,177.14999999999998,154.24999999999997,73.64086475615888,6,41.02564102564102
4936af16,1480,10281.83,11021.27,739.4400000000005,10651.546047297299,30.96,207.46,176.5,81.02745270270269,10,21.554054054054053
493b5b31,2633,11660.88,12976.83,1315.9500000000007,12318.864789213825,29.43,241.94,212.51,104.45879605013293,6,57.23509304975314
49dbc14c,1272,10715.78,11350.94,635.1599999999999,11033.430542452828,45.46,226.9,181.44,110.77823899371067,6,7.0754716981132075
4a035ec2,1933,11782.95,12748.95,966.0,12265.95,29.71,233.85,204.14,84.88235385411278,6,44.02483186756337
4a335117,2440,10131.89,11350.94,1219.050000000001,10741.501721311477,45.46,226.9,181.44,130.14710655737704,6,51.55737704918033
4a8ecc0b,2096,11004.4,12051.84,1047.4400000000005,11528.13064885496,32.93,238.11,205.18,97.83876431297709,6,42.604961832061065
4b462989,1746,10272.91,11145.28,872.3700000000008,10709.088304696448,23.41,153.88,130.47,76.8351030927835,7,32.98969072164948
4b831d20,2762,11368.45,12748.95,1380.5,12058.699999999997,29.71,233.85,204.14,87.01119116582187,6,60.825488776249095
4c2208f5,2171,11902.45,12987.45,1085.0,12444.949999999997,21.06,218.7,197.64,90.89391524643021,5,62.64394288346384
4c3168cf,1719,11322.95,12181.95,859.0,11752.450000000003,34.4,156.51999999999998,122.11999999999998,76.83637579988364,10,29.20302501454334
4c3df468,1314,10454.13,11110.62,656.4900000000016,10782.376902587519,38.67,204.21,165.54000000000002,100.66302130898023,6,8.82800608828006
4caa7289,1374,10679.95,11366.45,686.5,11023.199999999997,22.82,168.04,145.22,71.9839883551674,6,12.081513828238718
4cd1ac61,2357,10873.9,12051.84,1177.9400000000005,11462.882791684344,32.93,238.11,205.18,99.38027577428934,6,48.96054306321595
4cecf7b3,2662,11491.7,12156.95,665.25,11824.324999999999,27.79,203.62,175.83,72.29665289256198,7,11.419984973703983
4ddde4c1,2185,10030.45,11122.45,1092.0,10576.449999999999,38.91,277.72,238.81000000000003,135.77227917620138,6,48.421052631578945
4e050c92,2659,11492.45,12156.95,664.5,11824.699999999999,27.79,203.62,175.83,72.25996239187664,7,11.320045129748026
4ed93db6,2108,10484.44,11537.41,1052.9699999999993,11010.985469639469,28.58,224.14,195.56,94.33124762808349,6,42.69449715370019
4f3eb9e9,820,11128.21,11537.41,409.2000000000007,11332.83181707317,28.58,224.14,195.56,69.09779268292684,5,0.0
4f4ac5ce,707,10544.45,11250.45,706.0,10897.449999999997,39.63,172.54999999999998,132.92,98.62239038189533,5,33.80480905233381
4f4afcc6,1523,10605.45,11366.45,761.0,10985.949999999999,22.82,168.04,145.22,74.68484569927774,6,20.682862770847013
4f69febf,2590,9816.15,11110.62,1294.4700000000012,10463.381382239382,38.67,221.13,182.45999999999998,120.40618146718145,6,53.745173745173744
4fbe9c06,1812,10460.95,11366.45,905.5,10913.699999999999,22.82,168.04,145.22,81.7814293598234,6,33.33333333333333
504c8b08,1956,10373.83,11350.94,977.1100000000006,10862.473169734149,45.46,226.9,181.44,124.46700920245398,6,39.57055214723926
511e1db0,3428,10476.19,11331.96,855.7699999999986,10904.11705075846,22.58,196.86,174.28000000000003,82.12755250875146,6,30.396732788798133
512943b2,1887,10594.91,11537.41,942.5,11066.213582405933,28.58,224.14,195.56,92.48064652888183,6,35.9830418653948
5138a660,2138,11622.7,12156.95,534.25,11889.824999999999,27.79,203.62,175.83,67.80029934518242,7,0.0
516088b7,1742,10724.41,11594.55,870.1399999999994,11159.514529276696,27.21,224.46,197.25,82.00308266360504,6,28.93226176808266
521a7819,2087,10323.45,11366.45,1043.0,10844.949999999999,22.82,168.04,145.22,86.17583133684714,6,42.11787254432199
5254b6db,1967,11219.95,12202.95,983.0,11711.450000000003,18.53,317.9,299.37,94.69995424504322,7,0.0
529e88ca,1959,10143.45,11122.45,979.0,10632.949999999999,38.91,273.82,234.91,131.17,6,42.470648289943846
52f1e77a,1328,11518.45,12181.95,663.5,11850.199999999999,34.4,156.51999999999998,122.11999999999998,69.60115963855421,10,8.358433734939759
5305524b,636,10442.990000000002,11077.56,634.5699999999979,10760.292264150945,23.92,192.06,168.14,75.90125786163522,7,0.0
53134831,4194,11277.86,12325.65,1047.789999999999,11801.837799237006,26.38,168.11,141.73000000000002,82.51645684310921,7,45.66046733428708
5397ceb1,1525,10829.95,11591.95,762.0,11210.95,25.9,145.91,120.00999999999999,76.90208524590163,6,23.934426229508198
53f23031,1823,10680.95,11591.95,911.0,11136.45,25.9,145.91,120.00999999999999,83.33044432254525,6,36.36862314865606
543198e8,2011,10140.46,11145.28,1004.8200000000015,10642.851158627549,23.41,153.88,130.47,80.15064147190452,7,41.819990054699154
54753541,1251,10256.65,10881.6,624.9500000000007,10569.117178257395,26.08,142.61999999999998,116.53999999999998,73.71116706634692,13,16.94644284572342
54a7e3c2,1609,10507.54,11311.5,803.9599999999991,10909.51235550031,33.05,256.22,223.17000000000002,109.22770043505282,6,26.911124922311995
5542c301,2135,10078.47,11145.28,1066.8100000000013,10611.857793911007,23.41,191.1,167.69,82.2351569086651,7,45.19906323185012
5567d551,1452,10869.39,11594.55,725.1599999999999,11231.98655647383,27.21,224.46,197.25,74.65271349862259,6,14.738292011019283
55efee7f,3769,10391.02,11331.96,940.9399999999987,10861.536014858051,22.58,196.86,174.28000000000003,87.54759617935792,6,36.69408331122314
5663b2b7,2171,11117.95,12202.95,1085.0,11660.449999999997,18.53,317.9,299.37,97.83491017964072,7,0.0
5693dde2,2326,11744.79,12325.65,580.8599999999988,12035.242132416166,26.38,168.11,141.73000000000002,67.96778159931212,7,2.0206362854686155
56b00794,1145,10573.34,11145.28,571.9400000000005,10859.323161572052,23.41,153.88,130.47,64.40375545851528,7,0.0
57796579,4014,10329.83,11331.96,1002.1299999999992,10830.942344294968,22.58,196.86,174.28000000000003,90.51311659192825,6,40.55804683607374
577eec7c,8236,9413.35,10236.85,823.5,9825.099999999999,23.12,193.59,170.47,77.24854055366683,6,23.0330257406508
57f05c51,2380,11787.38,12976.83,1189.4500000000007,12382.113172268908,29.43,241.94,212.51,104.0750924369748,6,52.689075630252105
58850d2c,1877,11715.09,12652.570000000002,937.4800000000014,12183.891635588707,29.83,189.64,159.81,92.49352690463506,6,42.94086307938199
58fa8486,1894,11256.45,12202.95,946.5,11729.7,18.53,317.9,299.37,93.36668426610349,7,0.0
591cc951,4005,10332.08,11331.96,999.8799999999992,10832.066192259674,22.58,196.86,174.28000000000003,90.40930586766542,6,40.42446941323346
593876b6,1420,10828.33,11537.41,709.0799999999999,11182.913485915491,28.58,224.14,195.56,80.71497183098592,6,14.929577464788732
59f8b2e8,1728,10787.95,11651.45,863.5,11219.7,24.66,211.09,186.43,78.14987268518517,7,0.0
5a1a8fd8,3282,11336.7,12156.95,820.25,11746.824999999999,27.79,203.62,175.83,79.58968921389396,7,28.153564899451556
5a5269a9,1424,10826.33,11537.41,711.0799999999999,11181.913953651685,28.58,224.14,195.56,80.86275983146068,6,15.168539325842698
5a5d1982,1739,10497.45,11366.45,869.0,10931.949999999999,22.82,168.04,145.22,80.24508913168489,6,30.534790109258193
5a63b5d1,1814,10744.95,11651.45,906.5,11198.2,24.66,211.09,186.43,80.08656560088203,7,0.0
5aa03df7,2277,10373.06,11510.29,1137.2300000000014,10941.642564778216,27.6,158.72,131.12,88.8584936319719,6,49.538866930171274
5aa403d0,1702,10294.9,11145.28,850.380000000001,10720.086474735604,23.41,153.88,130.47,76.28285546415981,7,31.25734430082256
5aef5c6c,822,10541.45,11362.45,821.0,10951.949999999999,30.27,139.13,108.86,90.5845498783455,5,47.201946472019465
5b7b6324,1470,12014.45,12748.95,734.5,12381.7,29.71,233.85,204.14,79.25649659863944,6,26.39455782312925
5bd25f59,2265,9824.61,10956.570000000002,1131.960000000001,10390.588313465783,22.9,177.14999999999998,154.24999999999997,75.34524944812361,6,48.21192052980132
5beded95,1906,10642.42,11594.55,952.1299999999992,11118.527854144806,27.21,224.46,197.25,85.00697271773348,6,35.047219307450156
5cb483ac,2580,11512.2,12156.95,644.75,11834.574999999999,27.79,203.62,175.83,71.28897674418604,7,8.604651162790699
5cdd8dbc,1758,10472.81,11350.94,878.130000000001,10911.962753128557,45.46,226.9,181.44,122.42127417519909,6,32.76450511945392
5d11dfb5,2071,11383.45,12418.45,1035.0,11900.95,26.17,218.65,192.48000000000002,93.99051183003381,14,47.17527764365041
5d7198fd,1417,11971.92,12325.65,353.72999999999956,12148.791594918843,26.38,168.11,141.73000000000002,63.83916019760056,6,0.0
5def1ce5,1516,10608.95,11366.45,757.5,10987.699999999999,22.82,168.04,145.22,74.44780343007915,6,20.316622691292878
5eae34a8,751,10170.45,10920.45,750.0,10545.449999999999,33.870000000000005,176.25,142.38,86.35130492676431,5,36.61784287616511
5f4d2a52,1927,10058.34,11021.27,962.9300000000003,10539.804665282825,30.96,207.46,176.5,91.72103269330566,10,39.75090814737934
5f6756c5,4346,11239.87,12325.65,1085.7799999999988,11782.843039576623,26.38,179.08999999999995,152.70999999999995,83.0075747814082,7,47.5609756097561
5f75f796,1948,11899.95,12873.45,973.5,12386.7,34.36,207.01,172.64999999999998,93.7597638603696,7,45.071868583162214
5fb1c15f,1897,10197.44,11145.28,947.8400000000001,10671.345345282025,23.41,153.88,130.47,78.76758566157089,7,38.323668950975225
5fffa282,2158,10516.42,11594.55,1078.1299999999992,11055.544453197406,27.21,224.46,197.25,88.13909175162188,6,42.63206672845227
60e37807,2205,10489.95,11591.95,1102.0,11040.949999999997,25.9,147.32,121.41999999999999,87.50233106575963,6,47.3922902494331
61f27424,2799,11019.45,12418.45,1399.0,11718.949999999999,26.17,218.65,192.48000000000002,97.25290460878885,14,60.914612361557694
62569ae3,1824,11270.45,12181.95,911.5,11726.200000000003,34.4,156.51999999999998,122.11999999999998,78.51680921052632,10,33.27850877192983
62a6f539,1630,10536.8,11350.94,814.1400000000012,10943.955184049082,45.46,226.9,181.44,120.54683435582822,6,27.484662576687118
633774dc,1871,10376.55,11311.5,934.9500000000007,10844.016563335115,33.05,256.22,223.17000000000002,117.09117049706039,6,37.14591127739177
63559d57,3428,11469.34,12325.65,856.3099999999995,11897.557077012836,26.38,168.11,141.73000000000002,79.52937572928822,7,33.51808634772462
647f2a41,2086,11009.4,12051.84,1042.4400000000005,11530.630556088205,32.93,238.11,205.18,97.78113614573347,6,42.329817833173536
65156b96,1862,10214.93,11145.28,930.3500000000004,10680.093614393127,23.41,153.88,130.47,78.32773361976369,7,37.16433941997852
653612bc,1318,11523.45,12181.95,658.5,11852.699999999999,34.4,156.51999999999998,122.11999999999998,69.42418057663126,10,7.663125948406677
656a067b,1940,10152.95,11122.45,969.5,10637.7,38.91,273.82,234.91,130.82834020618554,6,41.907216494845365
65a5466a,1282,10316.09,10956.570000000002,640.4800000000014,10636.331560062401,22.9,152.86,129.96,57.905241809672376,6,8.502340093603744
660d9546,1257,11553.95,12181.95,628.0,11867.949999999999,34.4,156.51999999999998,122.11999999999998,67.9268814638027,10,3.182179793158314
6767c111,1561,10342.45,11122.45,780.0,10732.449999999999,38.91,273.82,234.91,118.28981422165278,6,27.802690582959645
67847288,1987,11755.95,12748.95,993.0,12252.450000000003,29.71,233.85,204.14,84.9858480120785,6,45.54604932058379
67a8da4a,1889,11929.45,12873.45,944.0,12401.45,34.36,207.01,172.64999999999998,92.9396717840127,7,43.35627316040233
684a6fc1,3705,10210.45,11136.45,926.0,10673.45,24.82,207.12,182.3,93.5550580296896,7,38.43454790823212
698930d1,1894,10175.95,11122.45,946.5,10649.2,38.91,273.82,234.91,130.01451953537486,6,40.49630411826822
699ea575,2533,11523.95,12156.95,633.0,11840.449999999997,27.79,203.62,175.83,70.75639952625345,7,6.908803789972365
69c1bdad,1856,10667.42,11594.55,927.1299999999992,11131.024024784485,27.21,224.46,197.25,84.01636853448277,6,33.297413793103445
69e41fa6,1262,11551.45,12181.95,630.5,11866.699999999999,34.4,156.51999999999998,122.11999999999998,68.07416006339145,10,3.565768621236133
6a0ff78e,1356,10688.95,11366.45,677.5,11027.699999999999,22.82,168.04,145.22,71.7465412979351,6,10.914454277286136
6a8fa194,1809,11298.95,12202.95,904.0,11750.95,18.53,317.9,299.37,91.68799889441681,7,0.0
6ae68655,1006,11782.62,12285.1,502.47999999999956,12033.857246520873,26.77,120.06,93.29,63.92459244532803,6,1.0934393638170974
6d1d74e1,1191,10515.63,11110.62,594.9900000000016,10813.12658270361,38.67,196.39,157.71999999999997,97.61711167086483,6,0.0
6d590e26,1943,10566.92,11537.41,970.4899999999998,11052.219248584663,28.58,224.14,195.56,92.93195573854864,6,37.828100874935664
6d6d93af,1445,10929.45,11651.45,722.0,11290.45,24.66,211.09,186.43,73.08118339100346,7,0.0
6dbe4b60,1863,10606.9,11537.41,930.5100000000002,11072.211132581857,28.58,224.14,195.56,92.12137412775094,6,35.158346752549654
6e6d122c,1301,11716.95,12366.95,650.0,12041.949999999999,31.86,215.44,183.57999999999998,82.83495772482705,6,21.2913143735588
6e9ccd38,972,10359.95,10845.45,485.5,10602.699999999999,22.7,181.93,159.23000000000002,70.01170781893005,6,0.0
6ea22614,2181,9931.36,11021.27,1089.9099999999999,10476.309954149472,30.96,207.46,176.5,94.12432828977535,10,46.76753782668501
6ede926a,1678,10527.95,11366.45,838.5,10947.199999999999,22.82,168.04,145.22,78.85562574493444,6,28.00953516090584
708caea9,2010,10117.95,11122.45,1004.5,10620.2,38.91,273.82,234.91,132.02968159203982,6,43.930348258706466
70925e23,2325,11711.45,12873.45,1162.0,12292.449999999999,34.36,207.01,172.64999999999998,95.71741935483871,7,53.97849462365591
70e1788b,2257,9717.45,10845.45,1128.0,10281.449999999997,22.7,209.56,186.86,88.97393885688967,7,43.420469649977846
71642c7d,2304,11830.45,12981.95,1151.5,12406.199999999999,28.29,176.98999999999998,148.7,87.81422743055555,6,51.60590277777778
71ccf778,2210,11098.45,12202.95,1104.5,11650.699999999997,18.53,317.9,299.37,98.35397737556562,7,0.0
7224331b,1574,11631.95,12418.45,786.5,12025.2,26.17,218.65,192.48000000000002,88.1295997458704,14,30.495552731893266
722cf0d8,2389,9916.64,11110.62,1193.9800000000014,10513.630385098368,38.67,221.13,182.45999999999998,118.46983256592716,6,49.85349518627041
7256229b,1757,10143.33,11021.27,877.9400000000005,10582.301400113833,30.96,207.46,176.5,88.8372794536141,10,33.921457029026755
726f3dc2,2027,10581.92,11594.55,1012.6299999999992,11088.28633941786,27.21,224.46,197.25,87.24222002960039,6,38.92451899358658
7271dd80,4163,10095.95,11136.45,1040.5,10616.2,24.82,207.12,182.3,98.0446288734086,7,45.20778284890704
727a3a10,2177,11899.45,12987.45,1088.0,12443.449999999997,21.06,218.7,197.64,90.8236058796509,5,62.74689940284796
729665c0,1542,11281.4,12051.84,770.4400000000005,11666.623696498056,32.93,238.11,205.18,90.4492736705577,6,21.98443579766537
729e9750,1443,10389.63,11110.62,720.9900000000016,10750.12717948718,38.67,210.4,171.73000000000002,103.53494109494109,6,16.97851697851698
729f4217,1267,10733.45,11366.45,633.0,11049.949999999999,22.82,168.04,145.22,70.10019731649567,6,4.656669297553275
72dd8501,3678,11237.7,12156.95,919.25,11697.325000000003,27.79,203.62,175.83,82.6242523110386,7,35.88907014681892
73348914,1197,12383.95,12981.95,598.0,12682.949999999999,28.29,138.79,110.5,72.38045112781954,6,6.8504594820384295
739a914f,2141,10467.94,11537.41,1069.4699999999993,11002.738622139188,28.58,224.14,195.56,94.9687435777674,6,43.57776739841196
73b1447d,1934,11400.45,12366.95,966.5,11883.700000000003,31.86,215.44,183.57999999999998,92.3170165460186,6,47.05274043433299
74b6186b,1964,9982.47,10963.71,981.2399999999998,10473.118620162932,24.5,198.91,174.41,91.69863034623219,7,42.871690427698574
75c20ec7,2041,11346.95,12366.95,1020.0,11856.950000000003,31.86,215.44,183.57999999999998,92.531852033317,6,49.828515433610974
75cd5f11,1508,10612.95,11366.45,753.5,10989.699999999999,22.82,168.04,145.22,74.16760610079575,6,19.893899204244033
75d20a82,2301,11052.95,12202.95,1150.0,11627.949999999999,18.53,317.9,299.37,99.60056931768797,7,0.0
76201745,1579,10167.59,10956.570000000002,788.9800000000014,10562.083147561749,22.9,177.14999999999998,154.24999999999997,67.18546548448386,6,25.71247625079164
764072a5,1818,10457.95,11366.45,908.5,10912.2,22.82,168.04,145.22,81.88112761276129,6,33.55335533553355
77b0d905,1803,11465.95,12366.95,901.0,11916.45,31.86,215.44,183.57999999999998,91.97730449251249,6,43.20576816417083
77e4821c,1354,10674.79,11350.94,676.1499999999996,11012.93689069424,45.46,226.9,181.44,113.51658788774003,6,12.703101920236337
7850c72e,2344,11805.38,12976.83,1171.4500000000007,12391.112913822526,29.43,241.94,212.51,103.80095563139932,6,51.96245733788396
78a4a386,772,11209.25,11594.55,385.2999999999993,11401.905401554402,27.21,224.46,197.25,61.49354922279793,5,0.0
79507629,2490,11504.45,12748.95,1244.5,12126.699999999999,29.71,233.85,204.14,86.14989959839357,6,56.546184738955816
796dbd4c,2077,9983.35,11021.27,1037.92,10502.30759749639,30.96,207.46,176.5,93.68284545016851,10,44.102070293692826
7987f2f2,3991,11328.61,12325.65,997.039999999999,11827.205311951891,26.38,168.11,141.73000000000002,82.24066399398647,7,42.89651716361814
7993a768,1006,11782.62,12285.1,502.47999999999956,12033.857246520873,26.77,120.06,93.29,63.92459244532803,6,1.0934393638170974
7a5660b0,2096,11827.35,12874.68,1047.33,12351.003334923666,27.93,198.11,170.18,91.61731870229008,6,44.895038167938935
7acda2df,1249,10727.28,11350.94,623.6599999999999,11039.178710968776,45.46,226.9,181.44,110.06456365092075,6,5.3642914331465175
7b2c7b3c,1445,10869.95,11591.95,722.0,11230.95,25.9,145.91,120.00999999999999,74.79328719723182,6,19.72318339100346
7b38844c,2460,11542.2,12156.95,614.75,11849.575,27.79,203.62,175.83,69.53667886178862,7,4.146341463414634
7bb17b96,2485,11535.95,12156.95,621.0,11846.449999999999,27.79,203.62,175.83,69.93983903420524,7,5.110663983903421
7c607683,2062,10335.95,11366.45,1030.5,10851.2,22.82,168.04,145.22,85.91533947623665,6,41.41610087293889
7cbbd047,3568,11265.2,12156.95,891.75,11711.075000000003,27.79,203.62,175.83,81.725725896861,7,33.91255605381166
7cd4bb31,1411,10661.45,11366.45,705.0,11013.949999999999,22.82,168.04,145.22,72.49194188518781,6,14.386959603118354
7d50373e,1377,10678.45,11366.45,688.0,11022.449999999999,22.82,168.04,145.22,72.0240813362382,6,12.273057371096586
7d57c75d,2104,10070.95,11122.45,1051.5,10596.699999999999,38.91,273.82,234.91,133.7440874524715,6,46.43536121673004
7e208414,2572,11514.2,12156.95,642.75,11835.574999999999,27.79,203.62,175.83,71.20517884914463,7,8.320373250388803
7e721392,2194,10554.95,11651.45,1096.5,11103.199999999999,24.66,211.09,186.43,86.32369188696444,7,0.0
7ff89f8f,2454,9618.95,10845.45,1226.5,10232.199999999999,22.7,209.56,186.86,92.29124694376529,7,47.96251018744906
8050c789,1863,11435.95,12366.95,931.0,11901.45,31.86,215.44,183.57999999999998,92.21902844873858,6,45.03488996242619
807f0298,1444,10400.95,11122.45,721.5,10761.699999999997,38.91,273.82,234.91,112.9765027700831,6,21.952908587257618
811f52b3,2060,10336.95,11366.45,1029.5,10851.7,22.82,168.04,145.22,85.89338349514563,6,41.359223300970875
81bf5923,2085,11945.45,12987.45,1042.0,12466.45,21.06,218.7,197.64,90.96072422062349,5,61.10311750599521
81fc01c6,2014,9957.47,10963.71,1006.2399999999998,10460.621137040715,24.5,198.91,174.41,92.74197616683217,7,44.28997020854022
8255c867,2194,10254.87,11350.94,1096.0699999999997,10802.987274384684,45.46,226.9,181.44,126.11300820419325,6,46.12579762989973
82aab6d2,2096,11370.95,12418.45,1047.5,11894.699999999999,26.17,218.65,192.48000000000002,94.14922709923664,14,47.80534351145038
82fcf37c,1249,10486.63,11110.62,623.9900000000016,10798.626741393115,38.67,196.39,157.71999999999997,98.65851080864691,6,4.083266613290633
833af382,1919,10392.320000000002,11350.94,958.619999999999,10871.721229807194,45.46,226.9,181.44,124.28025013027617,6,38.40541948931735
8382f4b6,1300,10888.31,11537.41,649.1000000000004,11212.899246153846,28.58,224.14,195.56,76.06863076923077,6,7.076923076923077
84633df4,2015,10014.35,11021.27,1006.9200000000001,10517.80629280397,30.96,207.46,176.5,93.35830272952855,10,42.38213399503722
8478df29,1875,10084.34,11021.27,936.9300000000003,10552.803685333336,30.96,207.46,176.5,90.953392,10,38.080000000000005
84815d5a,4434,11048.7,12156.95,1108.25,11602.824999999997,27.79,203.62,175.83,86.40381371222372,7,46.820027063599454
84c3b497,1359,10972.45,11651.45,679.0,11311.949999999997,24.66,211.09,186.43,71.76394407652685,7,0.0
85380836,1598,10567.95,11366.45,798.5,10967.199999999999,22.82,168.04,145.22,76.83972465581978,6,24.405506883604506
8612b37f,1638,11233.4,12051.84,818.4400000000005,11642.62523809524,32.93,238.11,205.18,92.72434676434675,6,26.55677655677656
861e71df,2110,10483.44,11537.41,1053.9699999999993,11010.485663507108,28.58,224.14,195.56,94.38557345971564,6,42.74881516587678
86454a6f,645,12044.95,12366.95,322.0,12205.949999999997,31.86,215.44,183.57999999999998,70.79640310077518,4,0.0
8648abae,4296,11083.2,12156.95,1073.75,11620.074999999999,27.79,203.62,175.83,85.99561918063314,7,45.11173184357542
865033f8,1899,10402.320000000002,11350.94,948.619999999999,10876.72018957346,45.46,226.9,181.44,124.14111637704053,6,37.75671406003159
87695469,9819,9255.05,10236.85,981.8000000000011,9745.95,23.12,213.7,190.57999999999998,84.44653019655769,6,35.441490986862206
877ed19c,1944,10566.42,11537.41,970.9899999999998,11051.969351851852,28.58,224.14,195.56,92.941579218107,6,37.86008230452675
87aa3730,1510,10611.95,11366.45,754.5,10989.199999999999,22.82,168.04,145.22,74.24224503311258,6,20.0
884ecb5f,1485,10624.45,11366.45,742.0,10995.449999999999,22.82,168.04,145.22,73.30675420875421,6,18.65319865319865
8902c3f6,1382,10191.15,10881.6,690.4500000000007,10536.370289435601,26.08,142.61999999999998,116.53999999999998,76.51625904486252,13,24.819102749638205
896d15b9,1208,11463.320000000002,12066.820000000002,603.5,11765.070000000003,31.98,238.77,206.79000000000002,81.38725993377483,6,3.2284768211920527
8995c945,1721,10262.45,11122.45,860.0,10692.449999999999,38.91,273.82,234.91,124.3688843695526,6,34.51481696687972
89969c7a,2038,10002.85,11021.27,1018.4200000000001,10512.056786064772,30.96,207.46,176.5,93.47687438665358,10,43.03238469087341
89f1085d,1126,12429.070000000002,12991.53,562.4599999999991,12710.300133214922,30.87,157.16,126.28999999999999,76.01401420959148,6,7.104795737122557
89f36adf,3567,11434.59,12325.65,891.0599999999995,11880.188231006448,26.38,168.11,141.73000000000002,80.95472946453603,7,36.10877488085226
89fdb2f2,3008,11405.2,12156.95,751.75,11781.074999999999,27.79,203.62,175.83,77.70349734042553,7,21.60904255319149
8a3da6d1,3918,11177.7,12156.95,979.25,11667.325000000003,27.79,203.62,175.83,84.294887697805,7,39.81623277182236
8a89da23,1633,10550.45,11366.45,816.0,10958.449999999999,22.82,168.04,145.22,77.78364972443356,6,26.025719534598895
8a9c8932,1224,10760.95,11372.45,611.5,11066.699999999999,29.9,231.0,201.1,87.71650326797386,6,19.934640522875817
8ac2f237,1459,10808.83,11537.41,728.5799999999999,11173.167936943111,28.58,224.14,195.56,82.06564770390679,6,17.20356408498972
8b12bab6,2149,10977.9,12051.84,1073.9400000000005,11514.881126105165,32.93,238.11,205.18,98.1701768264309,6,44.020474639367144
8b5be31b,1925,10001.97,10963.71,961.7399999999998,10482.866566233766,24.5,198.91,174.41,90.74537142857145,7,41.714285714285715
8b95d6d1,1245,10259.65,10881.6,621.9500000000007,10570.617020080323,26.08,142.61999999999998,116.53999999999998,73.58349397590361,13,16.546184738955823
8b9d8326,1628,11553.45,12366.95,813.5,11960.2,31.86,215.44,183.57999999999998,89.29476658476659,6,37.1007371007371
8bb9c1e6,1938,10397.95,11366.45,968.5,10882.2,22.82,168.04,145.22,84.09342105263157,6,37.66769865841073
8bda1a11,1439,10391.63,11110.62,718.9900000000016,10751.127171646976,38.67,210.4,171.73000000000002,103.42690062543433,6,16.74774148714385
8bfa881d,1894,11420.45,12366.95,946.5,11893.7,31.86,215.44,183.57999999999998,92.24812565997888,6,45.934530095036955
8c167025,1656,10054.17,10881.6,827.4300000000003,10467.8763647343,26.08,142.61999999999998,116.53999999999998,81.34048309178742,13,37.25845410628019
8c8348e8,1668,11819.58,12652.570000000002,832.9900000000016,12236.116978417267,29.83,189.64,159.81,88.93520383693044,6,35.79136690647482
8cc21f01,1927,10908.45,11871.45,963.0,11389.950000000003,28.66,195.42,166.76,92.76115204981836,10,48.26154644525168
8cc800b3,1474,10284.83,11021.27,736.4400000000005,10653.04590909091,30.96,207.46,176.5,80.79919945725915,10,21.234735413839893
8d5d46d7,1605,10564.45,11366.45,802.0,10965.45,22.82,168.04,145.22,77.04518380062306,6,24.73520249221184
8d92cb49,1248,10968.45,11591.95,623.5,11280.199999999999,25.9,145.91,120.00999999999999,68.17580128205128,6,7.051282051282051
8f201368,1901,10416.45,11366.45,950.0,10891.45,22.82,168.04,145.22,83.49284587059444,6,36.454497632824825
90386ee4,1422,10655.95,11366.45,710.5,11011.199999999999,22.82,168.04,145.22,72.59879043600563,6,15.049226441631506
91abc4c7,1019,10060.19,11077.56,1017.369999999999,10568.905417075564,23.92,192.06,168.14,90.13979391560353,7,0.0
91b301ce,1519,10386.37,11145.28,758.9099999999999,10765.830743910468,23.41,153.88,130.47,73.48073732718895,7,22.975641869651085
91db7070,3039,11397.45,12156.95,759.5,11777.199999999999,27.79,203.62,175.83,77.9757946692991,7,22.40868706811451
925a7cd1,2162,11286.45,12366.95,1080.5,11826.699999999999,31.86,215.44,183.57999999999998,93.01234042553192,6,52.63644773358001
9283ae69,1889,10201.44,11145.28,943.8400000000001,10673.344944415036,23.41,153.88,130.47,78.66696664902064,7,38.062466913710956
9298ad5b,1840,10392.05,11311.5,919.4500000000007,10851.766000000001,33.05,256.22,223.17000000000002,116.53230434782607,6,36.08695652173913
9314ff13,1658,11374.45,12202.95,828.5,11788.7,18.53,317.9,299.37,88.11741254523521,7,0.0
93209a3d,1544,11280.4,12051.84,771.4400000000005,11666.123730569947,32.93,238.11,205.18,90.49002590673574,6,22.085492227979277
939d9c34,2400,10852.4,12051.84,1199.4400000000005,11452.1331,32.93,238.11,205.18,99.58433333333333,6,49.875
93f5d2e6,1286,10502.85,11145.28,642.4300000000003,10824.07561430793,23.41,153.88,130.47,67.5043934681182,7,9.020217729393467
940a48d9,1887,10078.34,11021.27,942.9300000000003,10549.803916269211,30.96,207.46,176.5,91.14700582935876,10,38.47376788553259
940e709a,1622,10334.89,11145.28,810.3900000000012,10740.083575832305,23.41,153.88,130.47,75.1263316892725,7,27.866831072749694
9426ec1e,2489,11534.95,12156.95,622.0,11845.949999999999,27.79,203.62,175.83,70.00761751707513,7,5.263157894736842
94467f50,2362,9701.18,10881.6,1180.42,10291.390105842505,26.08,177.98999999999998,151.90999999999997,91.52853090601187,13,56.01185436071127
944f36b9,1227,10343.59,10956.570000000002,612.9800000000014,10650.08118174409,22.9,152.86,129.96,55.92253463732681,6,4.400977995110025
94d813a4,1927,11910.45,12873.45,963.0,12391.950000000003,34.36,207.01,172.64999999999998,93.43522055007784,7,44.47327451997924
95b559e7,2029,11167.95,12181.95,1014.0,11674.950000000003,34.4,156.51999999999998,122.11999999999998,81.03668309512075,10,40.01971414489896
95c8427f,1926,10388.820000000002,11350.94,962.119999999999,10869.971588785047,45.46,226.9,181.44,124.31026479750777,6,38.62928348909657
96936c22,1985,11374.95,12366.95,992.0,11870.950000000003,31.86,215.44,183.57999999999998,92.42963727959699,6,48.413098236775824
96ae5806,1906,11326.95,12279.45,952.5,11803.2,30.84,157.13,126.28999999999999,88.33700419727177,6,42.65477439664218
96b7eea1,2009,10307.55,11311.5,1003.9500000000007,10809.51886012942,33.05,256.22,223.17000000000002,119.01281732205076,6,41.46341463414634
9719aa04,1955,10145.45,11122.45,977.0,10633.95,38.91,273.82,234.91,131.10757544757033,6,42.35294117647059
974802e7,7953,9441.65,10236.85,795.2000000000007,9839.25,23.12,193.59,170.47,76.15708914874891,6,20.294228592983778
97cd5bf9,1776,10076.47,10963.71,887.2399999999998,10520.107888513514,24.5,198.91,174.41,85.91252815315315,7,36.82432432432432
98177ced,2573,11690.88,12976.83,1285.9500000000007,12333.864434512243,29.43,241.94,212.51,104.28034978624173,6,56.23785464438399
9896fc0b,1550,10370.87,11145.28,774.4099999999999,10758.081529032259,23.41,153.88,130.47,73.96023225806452,7,24.516129032258064
98bc6f66,1816,10203.13,11110.62,907.4900000000016,10656.877758810571,38.67,221.13,182.45999999999998,109.34263766519824,6,34.030837004405285
992c99e8,1977,10549.92,11537.41,987.4899999999998,11043.722701062215,28.58,224.14,195.56,93.24822458270106,6,38.89731917046029
992ce078,2061,11172.95,12202.95,1030.0,11687.95,18.53,317.9,299.37,96.19607472100921,7,0.0
99529c45,830,10358.45,11187.45,829.0,10772.95,42.29,152.07999999999998,109.78999999999999,103.84306024096385,5,43.97590361445783
995ff498,1618,10557.95,11366.45,808.5,10962.199999999999,22.82,168.04,145.22,77.3929110012361,6,25.339925834363413
999daf80,1796,10453.81,11350.94,897.130000000001,10902.464810690422,45.46,226.9,181.44,122.98591314031181,6,34.18708240534521
9a6b0392,1918,9998.1,10956.570000000002,958.4700000000012,10477.336047966632,22.9,177.14999999999998,154.24999999999997,72.72825860271115,6,38.84254431699687
9a8ae0d6,3255,11343.45,12156.95,813.5,11750.2,27.79,203.62,175.83,79.45748694316435,7,27.557603686635947
9a95e33f,2102,10600.95,11651.45,1050.5,11126.199999999999,24.66,211.09,186.43,85.06854900095146,7,0.0
9ab94eeb,2030,10130.96,11145.28,1014.3200000000015,10638.1021773399,23.41,153.88,130.47,80.35720689655173,7,42.364532019704434
9ad5410a,1267,11418.89,12051.84,632.9500000000007,11735.368334648778,32.93,238.11,205.18,83.76126282557222,6,5.05130228887135
9ae248be,1292,12336.45,12981.95,645.5,12659.199999999999,28.29,160.94,132.65,74.41599071207429,6,13.69969040247678
9af1ffd0,1979,9974.97,10963.71,988.7399999999998,10469.36938858009,24.5,198.91,174.41,92.01733198585143,7,43.30469934310258
9b5b61c1,1928,10348.05,11311.5,963.4500000000007,10829.767551867222,33.05,256.22,223.17000000000002,118.0530549792531,6,39.004149377593365
9b9e3b49,1952,11076.4,12051.84,975.4400000000005,11564.129221311474,32.93,238.11,205.18,96.26123975409836,6,38.37090163934426
9bd2bba3,2110,11694.45,12748.95,1054.5,12221.7,29.71,233.85,204.14,85.45945971563982,6,48.72037914691943
9c211c53,7874,9449.55,10236.85,787.3000000000011,9843.2,23.12,193.59,170.47,75.8004381508763,6,19.494538989077977
9c350a6a,2036,10577.42,11594.55,1017.1299999999992,11086.036930255405,27.21,224.46,197.25,87.34687131630648,6,39.19449901768173
9c8375f7,2053,10325.35,11350.94,1025.5900000000001,10838.228631271311,45.46,226.9,181.44,125.24819288845592,6,42.42571846078909
9d072e4c,2821,11451.95,12156.95,705.0,11804.449999999997,27.79,203.62,175.83,74.52210918114143,7,16.41261963842609
9d3ec64c,1775,10076.97,10963.71,886.7399999999998,10520.357825352114,24.5,198.91,174.41,85.85025352112677,7,36.7887323943662
9d4272e3,1997,11750.95,12748.95,998.0,12249.950000000003,29.71,233.85,204.14,85.17133700550826,6,45.81872809213821
9d5e14d4,855,10224.11,11077.56,853.4499999999989,10650.85794152047,23.92,192.06,168.14,83.06051461988304,7,0.0
9da441ba,1295,10890.81,11537.41,646.6000000000004,11214.148625482627,28.58,224.14,195.56,75.91262548262549,6,6.718146718146718
9dede370,2134,11351.95,12418.45,1066.5,11885.199999999999,26.17,218.65,192.48000000000002,94.33077319587629,14,48.73477038425492
9def2eb2,1758,10713.45,11591.95,878.5,11152.699999999999,25.9,145.91,120.00999999999999,82.01411262798635,6,34.01592718998862
9df1b1f9,4157,11117.95,12156.95,1039.0,11637.45,27.79,203.62,175.83,85.4931104161655,7,43.27640125090209
9dfff011,2226,10482.42,11594.55,1112.1299999999992,11038.548288409704,27.21,224.46,197.25,88.54751572327045,6,44.38454627133873
9e3e364d,1316,10880.31,11537.41,657.1000000000004,11208.901200607903,28.58,224.14,195.56,76.57950607902735,6,8.206686930091186
9efc812e,2922,10602.58,11331.96,729.3799999999992,10967.298610540725,22.58,169.79,147.20999999999998,76.05401779603011,6,18.34360027378508
9f0c7bae,1101,12431.95,12981.95,550.0,12706.949999999997,28.29,138.79,110.5,70.4319800181653,6,0.0
9ffce529,1501,11452.95,12202.95,750.0,11827.949999999997,18.53,317.9,299.37,82.05361758827448,7,0.0
a0383629,1790,10471.95,11366.45,894.5,10919.2,22.82,168.04,145.22,81.37154189944134,6,32.513966480446925
a056d01e,1803,10970.45,11871.45,901.0,11420.95,28.66,195.42,166.76,91.56259567387687,10,44.7032723239046
a08d9e63,1502,10394.87,11145.28,750.4099999999999,10770.080299600531,23.41,153.88,130.47,73.16703728362184,7,22.103861517976032
a0b83014,2180,10448.44,11537.41,1088.9699999999993,10992.99222477064,28.58,224.14,195.56,95.57092201834861,6,44.587155963302756
a0e92ed6,1266,11549.45,12181.95,632.5,11865.699999999997,34.4,156.51999999999998,122.11999999999998,68.18616113744075,10,3.8704581358609795
a15bc102,4269,10069.45,11136.45,1067.0,10602.949999999999,24.82,207.12,182.3,98.85843757320217,7,46.56828297025065
a247e7cf,1498,10362.13,11110.62,748.4900000000016,10736.37728304406,38.67,210.4,171.73000000000002,104.52809078771696,6,20.026702269692922
a2e8e7f6,1245,10259.65,10881.6,621.9500000000007,10570.617020080323,26.08,142.61999999999998,116.53999999999998,73.58349397590361,13,16.546184738955823
a3518960,5137,11042.15,12325.65,1283.5,11683.99307377847,26.38,179.08999999999995,152.70999999999995,83.61551878528324,7,55.63558497177341
a3f71395,1543,12210.95,12981.95,771.0,12596.45,28.29,176.98999999999998,148.7,80.43730395333765,6,27.738172391445236
a4719920,1439,10872.95,11591.95,719.0,11232.449999999997,25.9,145.91,120.00999999999999,74.63275886031967,6,19.38846421125782
a48640d9,2087,11705.95,12748.95,1043.0,12227.449999999999,29.71,233.85,204.14,85.43093435553425,6,48.15524676569238
a4cdbb0f,1391,10415.63,11110.62,694.9900000000016,10763.127074047448,38.67,204.21,165.54000000000002,102.44875629043854,6,13.87491013659238
a4f989c2,1503,10560.53,11311.5,750.9699999999993,10936.01091816367,33.05,256.22,223.17000000000002,103.94197604790418,6,21.756487025948104
a5aa7973,2013,10116.45,11122.45,1006.0,10619.45,38.91,273.82,234.91,132.07353204172878,6,44.013909587680075
a5e6f7dc,1697,10689.87,11537.41,847.539999999999,11113.693865645257,28.58,224.14,195.56,88.16834413671184,6,28.81555686505598
a612d5a0,1811,10406.55,11311.5,904.9500000000007,10859.01545554942,33.05,256.22,223.17000000000002,116.03372722252898,6,35.06350082827167
a622ce4d,1519,10778.84,11537.41,758.5699999999997,11158.17469387755,28.58,224.14,195.56,83.80265964450295,6,20.473996050032916
a645da9a,3615,11253.45,12156.95,903.5,11705.2,27.79,203.62,175.83,82.09312309820194,7,34.77178423236514
a692b17e,2075,10329.45,11366.45,1037.0,10847.95,22.82,168.04,145.22,86.04067469879517,6,41.78313253012048
a6b8ac67,1908,12028.45,12981.95,953.5,12505.2,28.29,176.98999999999998,148.7,85.11243186582809,6,41.56184486373166
a6ed2eff,2158,10459.44,11537.41,1077.9699999999993,10998.490208526413,28.58,224.14,195.56,95.266343836886,6,44.02224281742354
a6f967fb,2757,11496.88,12874.68,1377.800000000001,12185.778879216541,27.93,198.11,170.18,96.69275299238302,6,58.10663764961915
a76db406,1919,9922.67,10881.6,958.9300000000003,10402.13234497134,26.08,177.98999999999998,151.90999999999997,85.92677436164668,13,45.85721730067744
a7744f5b,1675,10529.45,11366.45,837.0,10947.95,22.82,168.04,145.22,78.77653134328358,6,27.880597014925375
a783cc24,1167,10298.65,10881.6,582.9500000000007,10590.114815766923,26.08,142.61999999999998,116.53999999999998,71.45673521850901,13,10.968294772922023
a79fd2e7,4227,11100.45,12156.95,1056.5,11628.699999999999,27.79,203.62,175.83,85.75639697184765,7,44.215755855216464
a7fc3e6b,3641,10226.45,11136.45,910.0,10681.449999999999,24.82,207.12,182.3,92.76171656138425,7,37.352375720955784
a85bb86f,2239,10232.38,11350.94,1118.5600000000013,10791.740066994193,45.46,226.9,181.44,127.10714158106298,6,47.20857525681107
a85e4bc3,7035,9533.45,10236.85,703.3999999999996,9885.15,23.12,193.59,170.47,71.8054854299929,6,9.893390191897655
a87433c9,864,11054.45,11917.45,863.0,11485.95,27.0,143.39,116.38999999999999,72.58631944444444,5,45.254629629629626
a8ed028a,1878,12048.95,12987.45,938.5,12518.2,21.06,214.25,193.19,88.4540042598509,5,56.81576144834931
a959858c,5482,10955.91,12325.65,1369.7399999999998,11640.878132068588,26.38,179.08999999999995,152.70999999999995,84.20481028821598,7,58.42758117475374
a9c9b150,1990,10317.05,11311.5,994.4500000000007,10814.26856281407,33.05,256.22,223.17000000000002,118.86295979899498,6,40.904522613065325
aa95015b,1610,10733.36,11537.41,804.0499999999993,11135.434633540372,28.58,224.14,195.56,86.21811801242235,6,24.96894409937888
aaaf3c03,1993,11206.95,12202.95,996.0,11704.950000000003,18.53,317.9,299.37,95.10489713998996,7,0.0
aaeffccb,2109,11312.95,12366.95,1054.0,11839.949999999999,31.86,215.44,183.57999999999998,92.88684684684684,6,51.446183025130395
ab112491,2185,11274.95,12366.95,1092.0,11820.949999999999,31.86,215.44,183.57999999999998,93.12187185354692,6,53.13501144164759
ab18d3fc,1661,11536.95,12366.95,830.0,11951.949999999999,31.86,215.44,183.57999999999998,89.84700180614088,6,38.35039133052378
ab3ced07,1849,11442.95,12366.95,924.0,11904.950000000003,31.86,215.44,183.57999999999998,92.19938885884261,6,44.61871281773932
ab6fe95d,10043,9232.65,10236.85,1004.2000000000007,9734.75,23.12,213.7,190.57999999999998,85.22576520959872,6,36.88140993726974
ab94878e,3918,10353.81,11331.96,978.1499999999996,10842.93003828484,22.58,196.86,174.28000000000003,89.41479581419091,6,39.101582440020415
abf460d2,1739,11497.95,12366.95,869.0,11932.45,31.86,215.44,183.57999999999998,91.28217941345602,6,41.11558366877516
ac6f01d5,1886,11710.59,12652.570000000002,941.9800000000014,12181.642582184519,29.83,189.64,159.81,92.52269883351008,6,43.213149522799576
ad2133a8,1700,11353.45,12202.95,849.5,11778.2,18.53,317.9,299.37,89.20788235294117,7,0.0
add9c322,1599,10222.33,11021.27,798.9400000000005,10621.79857410882,30.96,207.46,176.5,84.93669168230143,10,27.392120075046904
ae069086,4459,10218.740000000002,11331.96,1113.2199999999975,10775.376091051805,22.58,196.86,174.28000000000003,94.4438169993272,6,46.490244449428126
ae0784a8,1272,11643.95,12279.45,635.5,11961.699999999999,30.84,157.13,126.28999999999999,76.33941823899372,6,14.072327044025156
ae35f33a,2498,11733.45,12981.95,1248.5,12357.699999999997,28.29,176.98999999999998,148.7,89.02700960768614,6,55.36429143314652
ae8959c3,2341,9786.61,10956.570000000002,1169.960000000001,10371.589017513883,22.9,177.14999999999998,154.24999999999997,75.66886373344724,6,49.893208030756085
aed44918,1126,12429.070000000002,12991.53,562.4599999999991,12710.300133214922,30.87,157.16,126.28999999999999,76.01401420959148,6,7.104795737122557
aee6393a,1043,10624.34,11145.28,520.9400000000005,10884.821514860978,23.41,153.88,130.47,64.33301054650047,7,0.0
af7a59ce,1058,10843.95,11372.45,528.5,11108.199999999999,29.9,231.0,201.1,85.81672967863895,6,7.372400756143667
aff4e561,1856,10183.13,11110.62,927.4900000000016,10646.877807112069,38.67,221.13,182.45999999999998,110.40115301724137,6,35.452586206896555
b04b58a3,1536,10114.16,10881.6,767.4400000000005,10497.873580729167,26.08,142.61999999999998,116.53999999999998,79.16585937500001,13,32.35677083333333
b0d42b0d,1463,10580.53,11311.5,730.9699999999993,10946.010396445658,33.05,256.22,223.17000000000002,101.33742993848256,6,19.617224880382775
b0f53bf4,1035,11849.95,12366.95,517.0,12108.450000000004,31.86,215.44,183.57999999999998,75.05974879227053,6,1.0628019323671498
b19b0395,1381,10676.45,11366.45,690.0,11021.449999999997,22.82,168.04,145.22,72.0720130340333,6,12.527154236060825
b1efb8a4,3113,11378.95,12156.95,778.0,11767.949999999999,27.79,203.62,175.83,78.55213941535496,7,24.253132026983618
b32902c0,1917,10063.34,11021.27,957.9300000000003,10542.304480959836,30.96,207.46,176.5,91.56943140323422,10,39.436619718309856
b32e4903,1889,10422.45,11366.45,944.0,10894.45,22.82,168.04,145.22,83.27260984647961,6,36.050820539968235
b3388334,2043,10630.45,11651.45,1021.0,11140.95,24.66,211.09,186.43,84.19975036710721,7,0.0
b37fd114,1547,10818.95,11591.95,773.0,11205.449999999999,25.9,145.91,120.00999999999999,77.41430510665805,6,25.016160310277957
b38e3116,3767,11215.45,12156.95,941.5,11686.2,27.79,203.62,175.83,83.51176798513406,7,37.40376957791346
b4d8dd4f,1874,10414.820000000002,11350.94,936.119999999999,10882.968858057631,45.46,226.9,181.44,123.92407684098185,6,36.926360725720386
b4f37e6e,1402,10650.79,11350.94,700.1499999999996,11000.94042082739,45.46,226.9,181.44,115.66531383737517,6,15.691868758915833
b56bc0aa,2043,10330.35,11350.94,1020.5900000000001,10840.728037200197,45.46,226.9,181.44,125.171458639256,6,42.143906020558006
b585b4fa,1824,10454.95,11366.45,911.5,10910.7,22.82,168.04,145.22,81.97480811403508,6,33.771929824561404
b5aa9634,1213,12142.95,12748.95,606.0,12445.949999999999,29.71,233.85,204.14,74.5926628194559,6,10.79967023907667
b7974e66,1433,11563.45,12279.45,716.0,11921.449999999999,30.84,157.13,126.28999999999999,80.55458478715981,6,23.726448011165388
b7cdcecb,1490,10366.13,11110.62,744.4900000000016,10738.377268456376,38.67,210.4,171.73000000000002,104.42561744966441,6,19.59731543624161
b7fea9ef,1800,9982.17,10881.6,899.4300000000003,10431.879855555555,26.08,142.61999999999998,116.53999999999998,83.44979444444445,13,42.27777777777778
b85f7b06,1484,10796.34,11537.41,741.0699999999997,11166.920795148248,28.58,224.14,195.56,82.80630727762802,6,18.598382749326145
b881d27e,1575,10579.45,11366.45,787.0,10972.95,22.82,168.04,145.22,76.17518095238096,6,23.3015873015873
b8c49c1a,2109,9827.67,10881.6,1053.9300000000003,10354.635737316263,26.08,177.98999999999998,151.90999999999997,89.75065908013278,13,50.734945471787576
b95e7121,1373,10851.820000000002,11537.41,685.5899999999983,11194.658004369992,28.58,224.14,195.56,78.64680262199563,6,12.017479970866715
b977be4a,1427,10824.83,11537.41,712.5799999999999,11181.164302733006,28.58,224.14,195.56,80.97695164681149,6,15.346881569726701
ba48188d,1203,11765.95,12366.95,601.0,12066.449999999999,31.86,215.44,183.57999999999998,79.77845386533667,6,14.87946799667498
bb2cdd83,1998,10367.95,11366.45,998.5,10867.2,22.82,168.04,145.22,85.01267267267268,6,39.53953953953954
bb337fa0,1435,10877.89,11594.55,716.6599999999999,11236.23473867596,27.21,224.46,197.25,74.08485714285713,6,13.72822299651568
bb682ebd,1977,10134.45,11122.45,988.0,10628.45,38.91,273.82,234.91,131.49680829539707,6,42.99443601416287
bc4381e2,1006,11782.62,12285.1,502.47999999999956,12033.857246520873,26.77,120.06,93.29,63.92459244532803,6,1.0934393638170974
bcebcc5f,3700,10211.7,11136.45,924.75,10674.075,24.82,207.12,182.3,93.49018378378378,7,38.351351351351354
bd2c2f34,1748,9971.95,10845.45,873.5,10408.699999999999,22.7,181.93,159.23000000000002,79.8000457665904,7,26.94508009153318
bd4ae5da,2196,10954.4,12051.84,1097.4400000000005,11503.131530054645,32.93,238.11,205.18,98.46203551912569,6,45.21857923497268
bd6f0e19,1901,10587.91,11537.41,949.5,11062.715028932142,28.58,224.14,195.56,92.61632298790111,6,36.454497632824825
bd8f847e,1386,12289.45,12981.95,692.5,12635.699999999997,28.29,160.94,132.65,76.43536796536796,6,19.552669552669553
be063506,2158,10973.4,12051.84,1078.4400000000005,11512.631204819276,32.93,238.11,205.18,98.21229842446711,6,44.25393883225209
be35c8f2,1723,11792.09,12652.570000000002,860.4800000000014,12222.373905977947,29.83,189.64,159.81,89.82250145095765,6,37.84097504352873
be83e781,1508,10612.95,11366.45,753.5,10989.699999999999,22.82,168.04,145.22,74.16760610079575,6,19.893899204244033
beda8696,1949,10136.64,11110.62,973.9800000000014,10623.62821446896,38.67,221.13,182.45999999999998,112.43081580297587,6,38.53258081067214
bf39bc20,1629,10537.3,11350.94,813.6400000000012,10944.205125844075,45.46,226.9,181.44,120.53222222222222,6,27.440147329650095
bf70b410,1694,10264.13,11110.62,846.4900000000016,10687.377597402596,38.67,210.4,171.73000000000002,106.70228453364815,6,29.279811097992912
bffe3082,1462,11321.4,12051.84,730.4400000000005,11686.622257181943,32.93,238.11,205.18,88.4226949384405,6,17.71545827633379
c03b9305,1867,9948.67,10881.6,932.9300000000003,10415.131296197109,26.08,142.61999999999998,116.53999999999998,84.25501874665238,13,44.349223352972686
c03d4aed,1827,12068.95,12981.95,913.0,12525.450000000003,28.29,176.98999999999998,148.7,84.63263820470716,6,38.97099069512863
c03fba65,2215,9856.98,10963.71,1106.7299999999996,10410.38015349887,24.5,198.91,174.41,96.11439729119638,7,49.34537246049661
c07fd0cd,2335,11707.85,12874.68,1166.83,12291.263229122056,27.93,198.11,170.18,93.75268950749465,6,50.53533190578159
c1708b88,1875,10573.91,11510.29,936.380000000001,11042.068373333334,27.6,158.72,131.12,85.447568,6,38.72
c1d046f4,1154,10961.28,11537.41,576.1299999999992,11249.38075389948,28.58,224.14,195.56,72.34854419410745,6,0.0
c2717d4f,2388,10344.47,11537.41,1192.9400000000005,10941.010971524287,28.58,224.14,195.56,97.63418341708542,6,49.413735343383586
c2c4db09,1711,10682.87,11537.41,854.539999999999,11110.195306838104,28.58,224.14,195.56,88.4450146113384,6,29.39801285797779
c2c6fc71,2079,11327.95,12366.95,1039.0,11847.450000000003,31.86,215.44,183.57999999999998,92.824708994709,6,50.74555074555075
c36625df,1980,11062.4,12051.84,989.4400000000005,11557.129515151513,32.93,238.11,205.18,96.73255555555555,6,39.24242424242424
c3957531,2278,11736.35,12874.68,1138.33,12305.511057945565,27.93,198.11,170.18,93.23679982440737,6,49.29762949956102
c42fe306,1007,10072.19,11077.56,1005.369999999999,10574.902025819265,23.92,192.06,168.14,89.73531281032771,7,0.0
c43812e2,2173,11332.45,12418.45,1086.0,11875.449999999997,26.17,218.65,192.48000000000002,94.53065807639209,14,49.65485503911643
c472c0b5,2131,9891.6,10956.570000000002,1064.9700000000012,10424.087442515249,22.9,177.14999999999998,154.24999999999997,74.27017832003754,6,44.955419990614736
c47e0767,1918,11408.45,12366.95,958.5,11887.700000000003,31.86,215.44,183.57999999999998,92.2809228362878,6,46.61105318039625
c50b42f6,2089,10066.64,11110.62,1043.9800000000014,10588.629004308283,38.67,221.13,182.45999999999998,115.12856390617519,6,42.65198659645763
c593337f,1674,11442.95,12279.45,836.5,11861.2,30.84,157.13,126.28999999999999,85.05976105137395,6,34.707287933094385
c59b6c4a,2222,10000.14,11110.62,1110.4800000000014,10555.379662466246,38.67,221.13,182.45999999999998,116.8411611161116,6,46.084608460846084
c66be2b8,2149,10463.94,11537.41,1073.4699999999993,11000.739371800839,28.58,224.14,195.56,95.084332247557,6,43.78780828292229
c6797dd7,4662,10991.7,12156.95,1165.25,11574.324999999999,27.79,203.62,175.83,87.00824753324754,7,49.42084942084942
c6b782a4,4027,10326.59,11331.96,1005.369999999999,10829.319014154458,22.58,196.86,174.28000000000003,90.65199900670474,6,40.74993791904644
c6c96179,2177,10278.45,11366.45,1088.0,10822.449999999997,22.82,168.04,145.22,87.26591639871384,6,44.51079467156638
c70c0e01,1843,11827.95,12748.95,921.0,12288.45,29.71,233.85,204.14,83.92811177428106,6,41.29137276180141
c84c65be,9671,9269.85,10236.85,967.0,9753.349999999999,23.12,213.7,190.57999999999998,83.90040119946231,6,34.45352083548754
c8d9680c,1377,10849.820000000002,11537.41,687.5899999999983,11193.658474945532,28.58,224.14,195.56,78.79975308641976,6,12.273057371096586
c908edd0,1427,10824.83,11537.41,712.5799999999999,11181.164302733006,28.58,224.14,195.56,80.97695164681149,6,15.346881569726701
c9578d27,1645,10544.45,11366.45,822.0,10955.45,22.82,168.04,145.22,78.04483890577507,6,26.565349544072948
c96c018a,1608,10734.36,11537.41,803.0499999999993,11135.934415422886,28.58,224.14,195.56,86.16685323383084,6,24.875621890547265
c99f9fae,4580,11181.37,12325.65,1144.2799999999988,11753.60080349345,26.38,179.08999999999995,152.70999999999995,83.38874672489084,7,50.24017467248908
c9e6734f,3051,10570.36,11331.96,761.5999999999985,10951.19140609636,22.58,169.79,147.20999999999998,77.49761717469683,6,21.79613241560144
c9e980e8,2237,10419.95,11537.41,1117.4599999999991,10978.747496647295,28.58,224.14,195.56,96.25140813589628,6,45.999105945462674
c9fedcf3,1823,11368.45,12279.45,911.0,11823.95,30.84,157.13,126.28999999999999,87.91411958310478,6,40.04388370817334
cad13e8f,2577,11688.88,12976.83,1287.9500000000007,12332.864458672875,29.43,241.94,212.51,104.28450911913077,6,56.3057819169577
cb34231f,2347,11803.88,12976.83,1172.9500000000007,12390.36293566255,29.43,241.94,212.51,103.84607584149978,6,52.023860247123984
cb879f40,1567,10238.33,11021.27,782.9400000000005,10629.79793235482,30.96,207.46,176.5,84.09135928525846,10,25.909380982769626
cbb406b5,2026,10525.43,11537.41,1011.9799999999996,11031.477532082923,28.58,224.14,195.56,93.61323790720631,6,40.375123395853905
cbe51de1,3019,11571.58,12325.65,754.0699999999997,11948.661483935079,26.38,168.11,141.73000000000002,75.58527658164955,7,24.511427625041403
cbe62450,1599,10222.33,11021.27,798.9400000000005,10621.79857410882,30.96,207.46,176.5,84.93669168230143,10,27.392120075046904
cc08aa63,1760,10471.81,11350.94,879.130000000001,10911.462863636363,45.46,226.9,181.44,122.452125,6,32.84090909090909
cc8a1d57,1673,11366.95,12202.95,836.0,11784.95,18.53,317.9,299.37,88.5296413628213,7,0.0
ccedb12b,2048,11849.95,12873.45,1023.5,12361.700000000003,34.36,207.01,172.64999999999998,94.151552734375,7,47.75390625
cd7f1687,1962,10611.45,11591.95,980.5,11101.7,25.9,147.32,121.41999999999999,85.05190112130478,6,40.87665647298675
cda7eb37,1665,11370.95,12202.95,832.0,11786.95,18.53,317.9,299.37,88.30327927927928,7,0.0
cdc31d65,2318,11208.45,12366.95,1158.5,11787.699999999999,31.86,215.44,183.57999999999998,93.41587144089732,6,55.82398619499569
cdc60a53,1921,10406.45,11366.45,960.0,10886.45,22.82,168.04,145.22,83.76990109318062,6,37.11608537220198
ce55ba43,1288,10951.37,11594.55,643.1799999999985,11272.968431677018,27.21,224.46,197.25,68.93353260869566,6,3.881987577639751
ce8399b7,4435,10224.73,11331.96,1107.2299999999996,10778.372782412627,22.58,196.86,174.28000000000003,94.24725140924464,6,46.200676437429536
cf50c9d1,3786,10386.77,11331.96,945.1899999999987,10859.413188061279,22.58,196.86,174.28000000000003,87.76416534601162,6,36.9783412572636
d00e7eb9,806,10158.45,10963.45,805.0,10560.949999999999,42.2,195.2,153.0,98.89811414392062,7,41.563275434243174
d011f41b,1503,10560.53,11311.5,750.9699999999993,10936.01091816367,33.05,256.22,223.17000000000002,103.94197604790418,6,21.756487025948104
d07aed8f,2175,11566.1,12652.570000000002,1086.4700000000012,12109.419264367816,29.83,208.63,178.8,93.6111172413793,6,50.758620689655174
d085e611,1628,10207.83,11021.27,813.4400000000005,10614.549133906636,30.96,207.46,176.5,85.67194103194102,10,28.68550368550369
d0a0e7b5,1318,10362.820000000002,11021.27,658.4499999999989,10692.042678300457,30.96,183.96,153.0,73.52662367223066,10,11.911987860394538
d0a43760,2881,10612.820000000002,11331.96,719.1399999999976,10972.417913918778,22.58,169.79,147.20999999999998,75.56733425893786,6,17.181534189517528
d0cb63ae,1769,10238.45,11122.45,884.0,10680.45,38.91,273.82,234.91,126.07811192764274,6,36.29169022046354
d114d9c2,1287,10467.63,11110.62,642.9900000000016,10789.126837606836,38.67,204.21,165.54000000000002,99.90944055944057,6,6.915306915306915
d1457cc5,2195,9748.45,10845.45,1097.0,10296.949999999997,22.7,209.56,186.86,87.93548519362187,7,41.82232346241458
d1ecf309,2018,10113.95,11122.45,1008.5,10618.2,38.91,273.82,234.91,132.1501139742319,6,44.15262636273538
d1ee630d,1652,10712.36,11537.41,825.0499999999993,11124.939092009687,28.58,224.14,195.56,87.2004176755448,6,26.876513317191282
d217e0c5,1985,10602.92,11594.55,991.6299999999992,11098.783511335012,27.21,224.46,197.25,86.5215717884131,6,37.632241813602015
d24ff243,1556,10588.95,11366.45,777.5,10977.699999999999,22.82,168.04,145.22,75.67914524421595,6,22.36503856041131
d273674e,5106,10880.7,12156.95,1276.25,11518.824999999999,27.79,203.62,175.83,87.82019193106149,7,53.81903642773208
d2f3b1ab,1497,10618.45,11366.45,748.0,10992.449999999999,22.82,168.04,145.22,73.77383433533734,6,19.305277221108884
d3df146b,2962,11585.820000000002,12325.65,739.8299999999981,11955.783322079677,26.38,168.11,141.73000000000002,75.09811276164753,7,23.058744091829844
d40f61d5,1914,10409.95,11366.45,956.5,10888.2,22.82,168.04,145.22,83.67708463949843,6,36.886102403343784
d41beaf2,3712,10405.25,11331.96,926.7099999999991,10868.653731142242,22.58,196.86,174.28000000000003,86.81460129310346,6,35.72198275862069
d463e527,5023,11070.64,12325.65,1255.0100000000002,11698.23965359347,26.38,179.08999999999995,152.70999999999995,83.65842723472028,7,54.628707943460086
d4f60a28,2696,11527.38,12874.68,1347.300000000001,12201.02659124629,27.93,198.11,170.18,96.24469955489614,6,57.15875370919882
d50c649a,1518,11293.4,12051.84,758.4400000000005,11672.623280632411,32.93,238.11,205.18,89.90815546772069,6,20.75098814229249
d543916f,1426,10308.83,11021.27,712.4400000000005,10665.044761570829,30.96,207.46,176.5,78.72715287517532,10,18.583450210378682
d5df0ff5,1129,11617.95,12181.95,564.0,11899.949999999997,34.4,156.51999999999998,122.11999999999998,66.42962798937111,10,0.0
d60430e6,735,10504.45,11238.45,734.0,10871.449999999997,33.81,433.58,399.77,117.367306122449,5,31.564625850340132
d63196fe,1520,11443.45,12202.95,759.5,11823.2,18.53,317.9,299.37,82.79929605263159,7,0.0
d6c320d9,1506,10613.95,11366.45,752.5,10990.199999999999,22.82,168.04,145.22,74.09920982735724,6,19.787516600265604
d6dd7330,3158,11367.7,12156.95,789.25,11762.325,27.79,203.62,175.83,78.89311272957569,7,25.332488917036102
d7ba4f9d,1641,11928.95,12748.95,820.0,12338.949999999999,29.71,233.85,204.14,81.49076173065204,6,34.064594759293115
d7eb0be8,2094,11940.95,12987.45,1046.5,12464.2,21.06,218.7,197.64,90.99421203438396,5,61.27029608404967
d84b621b,1892,10420.95,11366.45,945.5,10893.7,22.82,168.04,145.22,83.32412790697674,6,36.1522198731501
d90aa14c,864,10100.45,10963.45,863.0,10531.949999999999,42.2,195.2,153.0,101.43226851851853,7,45.48611111111111
d924e971,4518,11027.7,12156.95,1129.25,11592.324999999999,27.79,203.62,175.83,86.67088313413015,7,47.808764940239044
d9ae59b2,1506,10369.95,11122.45,752.5,10746.199999999999,38.91,273.82,234.91,115.95045816733068,6,25.166002656042497
d9d6d94d,1686,12030.95,12873.45,842.5,12452.199999999999,34.36,207.01,172.64999999999998,90.54626927639384,7,36.5361803084223
d9eca87b,1738,10242.13,11110.62,868.4900000000016,10676.377658227846,38.67,210.4,171.73000000000002,107.5162830840046,6,31.070195627157656
da2d4d7c,1130,11802.45,12366.95,564.5,12084.699999999999,31.86,215.44,183.57999999999998,77.69653097345133,6,9.380530973451327
da3bfe4e,1350,10436.13,11110.62,674.4900000000016,10773.376985185185,38.67,204.21,165.54000000000002,101.50568888888888,6,11.25925925925926
da3cf798,1824,9970.17,10881.6,911.4300000000003,10425.88038377193,26.08,142.61999999999998,116.53999999999998,83.72867872807016,13,43.03728070175439
da940160,2081,10497.93,11537.41,1039.4799999999996,11017.732883229217,28.58,224.14,195.56,94.06502162421913,6,41.950985103315716
dafc88c3,1330,10701.95,11366.45,664.5,11034.199999999999,22.82,168.04,145.22,71.25130827067669,6,9.172932330827068
dbee6c86,2045,11726.95,12748.95,1022.0,12237.950000000003,29.71,233.85,204.14,85.34472371638142,6,47.090464547677264
dc5fbe29,1869,11268.95,12202.95,934.0,11735.950000000003,18.53,317.9,299.37,92.91273943285178,7,0.0
dc7da28f,1005,10074.19,11077.56,1003.369999999999,10575.90145273632,23.92,192.06,168.14,89.66997014925374,7,0.0
dc7f9757,1850,10197.95,11122.45,924.5,10660.2,38.91,273.82,234.91,129.04189189189188,6,39.08108108108108
dd168de0,1756,10267.91,11145.28,877.3700000000008,10706.588712984056,23.41,153.88,130.47,76.9423633257403,7,33.37129840546697
dd64382d,1975,9976.97,10963.71,986.7399999999998,10470.369184810124,24.5,198.91,174.41,91.93877974683544,7,43.18987341772152
dd6bc5b2,2554,10035.05,11311.5,1276.4500000000007,10673.275505090056,33.05,256.22,223.17000000000002,121.6466092404072,6,53.95458104933438
dd7d638e,1875,10414.320000000002,11350.94,936.619999999999,10882.718912,45.46,226.9,181.44,123.93263999999999,6,36.96
ddc790ff,2250,10413.45,11537.41,1123.9599999999991,10975.498666666666,28.58,224.14,195.56,96.37824444444443,6,46.31111111111111
df71d1ff,1670,10276.13,11110.62,834.4900000000016,10693.377562874251,38.67,210.4,171.73000000000002,106.40437125748504,6,28.263473053892213
df73b8f3,1958,11770.45,12748.95,978.5,12259.700000000003,29.71,233.85,204.14,84.90406537282942,6,44.73953013278856
df8290be,1737,10498.45,11366.45,868.0,10932.449999999999,22.82,168.04,145.22,80.20386873920552,6,30.45480713874496
e0079ed1,3165,10345.45,11136.45,791.0,10740.949999999997,24.82,207.12,182.3,84.43640126382307,7,27.930489731437596
e03b45fd,1955,12004.95,12981.95,977.0,12493.450000000004,28.29,176.98999999999998,148.7,85.51962659846546,6,42.96675191815857
e0f36d98,1808,10691.42,11594.55,903.1299999999992,11143.020149336284,27.21,224.46,197.25,83.20866703539822,6,31.526548672566374
e149204f,1340,10441.13,11110.62,669.4900000000016,10775.876962686567,38.67,204.21,165.54000000000002,101.28334328358208,6,10.597014925373134
e14d641e,1864,10434.95,11366.45,931.5,10900.7,22.82,168.04,145.22,82.74626072961374,6,35.1931330472103
e161bd0c,2243,11245.95,12366.95,1121.0,11806.449999999997,31.86,215.44,183.57999999999998,93.27696834596522,6,54.3468568880963
e201fd6d,1898,11704.59,12652.570000000002,947.9800000000014,12178.643830347733,29.83,189.64,159.81,92.55052687038989,6,43.57218124341412
e25f1537,1825,9969.67,10881.6,911.9300000000003,10425.630405479453,26.08,142.61999999999998,116.53999999999998,83.74023561643835,13,43.06849315068494
e2fc7745,2008,11178.45,12181.95,1003.5,11680.2,34.4,156.51999999999998,122.11999999999998,80.89078187250996,10,39.39243027888446
e32da4ec,1364,11500.45,12181.95,681.5,11841.199999999997,34.4,156.51999999999998,122.11999999999998,70.45895161290322,10,10.777126099706745
e3b34f5b,3289,10314.45,11136.45,822.0,10725.449999999999,24.82,207.12,182.3,87.36430525995742,7,30.647613256308908
e45a2a62,1636,10548.95,11366.45,817.5,10957.699999999999,22.82,168.04,145.22,77.84858190709046,6,26.161369193154034
e46f4ef4,1836,11735.59,12652.570000000002,916.9800000000014,12194.137205882353,29.83,189.64,159.81,91.71746187363834,6,41.66666666666667
e4726608,1603,11380.95,12181.95,801.0,11781.45,34.4,156.51999999999998,122.11999999999998,75.18552089831564,10,24.079850280723644
e5864244,1779,11985.84,12874.68,888.8400000000001,12430.23772906127,27.93,198.11,170.18,87.74819561551433,6,35.07588532883643
e5c92e59,3209,11524.08,12325.65,801.5699999999997,11924.92146151449,26.38,168.11,141.73000000000002,77.49614521657837,7,28.9809909629168
e5ff9fd2,2019,10862.45,11871.45,1009.0,11366.950000000003,28.66,195.42,166.76,93.64752847944527,10,50.61911837543338
e6c55748,1567,10583.45,11366.45,783.0,10974.949999999999,22.82,168.04,145.22,75.95570516911295,6,22.910019144862794
e730c32b,2188,10444.45,11537.41,1092.9599999999991,10990.992961608776,28.58,224.14,195.56,95.6727239488117,6,44.78976234003657
e737965a,811,10268.08,11077.56,809.4799999999996,10672.844969173859,23.92,192.06,168.14,81.32422934648582,7,0.0
e748dd88,2794,11458.7,12156.95,698.25,11807.824999999999,27.79,203.62,175.83,74.1951861130995,7,15.60486757337151
e7818f7a,1522,10361.95,11122.45,760.5,10742.199999999997,38.91,273.82,234.91,116.65194480946124,6,25.9526938239159
e7c36e81,2232,10235.88,11350.94,1115.0600000000013,10793.489628136202,45.46,226.9,181.44,126.93089605734768,6,47.043010752688176
e7d0c1de,1988,10544.42,11537.41,992.9899999999998,11040.97379275654,28.58,224.14,195.56,93.34127766599597,6,39.2354124748491
e85074c5,1511,10390.37,11145.28,754.9099999999999,10767.83053606883,23.41,153.88,130.47,73.32920582395765,7,22.56783587028458
e97032ad,2254,10224.88,11350.94,1126.0600000000013,10787.990998225378,45.46,226.9,181.44,127.4120053238687,6,47.55989352262644
e9949a23,2117,11144.95,12202.95,1058.0,11673.949999999999,18.53,317.9,299.37,97.02278696268304,7,0.0
ea0b99b7,1820,11839.45,12748.95,909.5,12294.2,29.71,233.85,204.14,83.55726373626374,6,40.54945054945055
ea3a0e38,3652,10223.7,11136.45,912.75,10680.074999999997,24.82,207.12,182.3,92.9003121577218,7,37.541073384446875
ea41324e,1759,10658.88,11537.41,878.5300000000007,11098.200341102898,28.58,224.14,195.56,89.6654860716316,6,31.3246162592382
eabc711b,2216,10944.4,12051.84,1107.4400000000005,11498.131696750901,32.93,238.11,205.18,98.5811010830325,6,45.7129963898917
eac10e86,1447,10387.63,11110.62,722.9900000000016,10749.127187284035,38.67,210.4,171.73000000000002,103.6126399447132,6,17.208016586040085
eafb863e,1869,10417.320000000002,11350.94,933.619999999999,10884.218587479936,45.46,226.9,181.44,123.8809951845907,6,36.75762439807384
eb06a4e7,2144,10466.44,11537.41,1070.9699999999993,11001.98890391791,28.58,224.14,195.56,95.01711287313432,6,43.656716417910445
eb640a35,1796,10123.84,11021.27,897.4300000000003,10572.552087973274,30.96,207.46,176.5,89.6341982182628,10,35.356347438752785
eb934281,2312,11123.95,12279.45,1155.5,11701.699999999999,30.84,157.13,126.28999999999999,90.73423442906574,6,52.72491349480969
eba6605e,1669,10529.95,11372.45,842.5,10953.540173756739,29.9,231.0,201.1,96.04979029358898,6,41.28220491312163
ebe69318,2169,10282.45,11366.45,1084.0,10824.449999999999,22.82,168.04,145.22,87.19145228215768,6,44.30613185799908
ec0d597b,990,10089.18,11077.56,988.3799999999992,10583.397171717172,23.92,192.06,168.14,89.14072727272726,7,0.0
ec13af42,1977,11378.95,12366.95,988.0,11872.950000000003,31.86,215.44,183.57999999999998,92.42025796661609,6,48.20435002529084
ecdab904,1006,11782.62,12285.1,502.47999999999956,12033.857246520873,26.77,120.06,93.29,63.92459244532803,6,1.0934393638170974
ecdaf714,1714,10288.91,11145.28,856.3700000000008,10717.086966161029,23.41,153.88,130.47,76.45087514585764,7,31.738623103850642
ed6436d6,2234,11250.45,12366.95,1116.5,11808.699999999999,31.86,215.44,183.57999999999998,93.26729185317815,6,54.162936436884515
ed6e6e54,2460,11542.2,12156.95,614.75,11849.575,27.79,203.62,175.83,69.53667886178862,7,4.146341463414634
edf885a3,1775,11479.95,12366.95,887.0,11923.45,31.86,215.44,183.57999999999998,91.84138591549296,6,42.30985915492958
ee0300f7,1958,11674.59,12652.570000000002,977.9800000000014,12163.649841675178,29.83,208.63,178.8,93.03899897854953,6,45.301327885597544
ee288beb,1447,10399.45,11122.45,723.0,10760.949999999999,38.91,273.82,234.91,113.1328196268141,6,22.1147201105736
ee4aecac,1115,11314.45,11871.45,557.0,11592.949999999999,28.66,158.17999999999998,129.51999999999998,78.53148878923767,10,10.582959641255606
eeda36f5,1254,12355.45,12981.95,626.5,12668.699999999997,28.29,160.94,132.65,73.62428229665072,6,11.084529505582138
eeed308d,1718,10507.95,11366.45,858.5,10937.2,22.82,168.04,145.22,79.82397555296856,6,29.68568102444703
ef04658e,1847,9958.67,10881.6,922.9300000000003,10420.130877098,26.08,142.61999999999998,116.53999999999998,84.01674607471575,13,43.74661613427179
ef8e3ed0,1333,11613.45,12279.45,666.0,11946.449999999999,30.84,157.13,126.28999999999999,77.90894223555888,6,18.00450112528132
efde6ac3,1625,10209.33,11021.27,811.9400000000005,10615.299076923076,30.96,207.46,176.5,85.58785230769232,10,28.553846153846152
efe96181,1989,9887.67,10881.6,993.9300000000003,10384.633670186024,26.08,177.98999999999998,151.90999999999997,87.67576168929111,13,47.76269482151835
f0188a48,2061,10561.95,11591.95,1030.0,11076.95,25.9,147.32,121.41999999999999,85.85993692382338,6,43.71664240659874
f021b650,1006,11782.62,12285.1,502.47999999999956,12033.857246520873,26.77,120.06,93.29,63.92459244532803,6,1.0934393638170974
f03f10fe,1566,10583.95,11366.45,782.5,10975.199999999999,22.82,168.04,145.22,75.929687100894,6,22.860791826309068
f053a1b9,1821,11456.95,12366.95,910.0,11911.95,31.86,215.44,183.57999999999998,92.08029654036244,6,43.76716090060406
f074d277,2878,11437.7,12156.95,719.25,11797.324999999997,27.79,203.62,175.83,75.2904273801251,7,18.068102849200834
f07d7037,2235,11162.45,12279.45,1117.0,11720.949999999999,30.84,157.13,126.28999999999999,90.35160178970918,6,51.096196868008946
f08774c3,2025,11190.95,12202.95,1012.0,11696.950000000003,18.53,317.9,299.37,95.63734320987655,7,0.0
f140c2fa,2126,11140.45,12202.95,1062.5,11671.699999999997,18.53,317.9,299.37,97.16309971777987,7,0.0
f16e25e3,1841,10101.34,11021.27,919.9300000000003,10561.303014665944,30.96,207.46,176.5,90.38417707767518,10,36.93644758283541
f2d4c8c9,1533,10344.63,11110.62,765.9900000000016,10727.627345075016,38.67,210.4,171.73000000000002,105.00585127201566,6,21.852576647097194
f321a31c,1363,12067.95,12748.95,681.0,12408.449999999995,29.71,233.85,204.14,77.52417461482025,6,20.616287600880412
f40cd091,1452,11326.4,12051.84,725.4400000000005,11689.122066115704,32.93,238.11,205.18,88.05309917355372,6,17.148760330578515
f439a621,1689,10301.4,11145.28,843.880000000001,10723.33598579041,23.41,153.88,130.47,76.0938602723505,7,30.728241563055064
f49fdea3,1006,11782.62,12285.1,502.47999999999956,12033.857246520873,26.77,120.06,93.29,63.92459244532803,6,1.0934393638170974
f4d12d23,1989,10357.33,11350.94,993.6100000000006,10854.224942182002,45.46,226.9,181.44,124.6412317747612,6,40.57315233785822
f56d3ace,2177,10449.94,11537.41,1087.4699999999993,10993.741952227836,28.58,224.14,195.56,95.53565457050988,6,44.51079467156638
f5859199,1921,11454.45,12414.45,960.0,11934.45,25.82,186.49,160.67000000000002,89.3611296199896,21,44.66423737636648
f5d8aab6,2127,10059.45,11122.45,1063.0,10590.949999999999,38.91,273.82,234.91,134.2138645980254,6,47.01457451810061
f631da6e,1491,10566.53,11311.5,744.9699999999993,10939.010764587523,33.05,256.22,223.17000000000002,103.20067739771964,6,21.12676056338028
f6824bb0,2138,10297.95,11366.45,1068.5,10832.199999999999,22.82,168.04,145.22,86.8489242282507,6,43.49859681945743
f6bc699b,3622,10231.2,11136.45,905.25,10683.824999999997,24.82,207.12,182.3,92.49913307564881,7,37.02374378796245
f6d009f4,2251,9997.45,11122.45,1125.0,10559.949999999999,38.91,277.72,238.81000000000003,137.11016437139048,6,49.933362949800085
f72b268f,1445,10400.45,11122.45,722.0,10761.449999999997,38.91,273.82,234.91,113.0266089965398,6,22.006920415224915
f8662c22,1412,11165.95,11871.45,705.5,11518.699999999999,28.66,195.42,166.76,86.14723087818697,10,29.390934844192635
f88ddb26,1006,11782.62,12285.1,502.47999999999956,12033.857246520873,26.77,120.06,93.29,63.92459244532803,6,1.0934393638170974
f8afa78a,1260,10481.13,11110.62,629.4900000000016,10795.87676984127,38.67,196.39,157.71999999999997,98.92383333333333,6,4.920634920634921
f8f59188,2378,10349.47,11537.41,1187.9400000000005,10943.510092514718,28.58,224.14,195.56,97.54138772077376,6,49.20100925147183
f9fc81aa,1515,10609.45,11366.45,757.0,10987.949999999999,22.82,168.04,145.22,74.41159735973598,6,20.264026402640265
fa16d114,968,10627.13,11110.62,483.4900000000016,10868.875795454545,38.67,196.39,157.71999999999997,98.25853305785125,6,0.0
fa31da94,3642,11415.85,12325.65,909.7999999999993,11870.816419549697,26.38,168.11,141.73000000000002,81.254516749039,7,37.42449203734212
fa667be2,1363,12067.95,12748.95,681.0,12408.449999999995,29.71,233.85,204.14,77.52417461482025,6,20.616287600880412
fae0c593,1928,10057.84,11021.27,963.4300000000003,10539.554683609958,30.96,207.46,176.5,91.73659232365145,10,39.78215767634855
fb03ae90,1985,10659.45,11651.45,992.0,11155.450000000003,24.66,211.09,186.43,83.21784382871536,7,0.0
fb0904bd,4012,10133.7,11136.45,1002.75,10635.075,24.82,207.12,182.3,96.73698404785642,7,43.14556331006979
fb3848a1,1053,10026.21,11077.56,1051.3500000000004,10551.914995251662,23.92,192.06,168.14,90.9840930674264,7,0.0
fb73b13a,2204,10020.95,11122.45,1101.5,10571.699999999999,38.91,277.72,238.81000000000003,136.21928765880216,6,48.86569872958258
fba7683c,2172,10966.4,12051.84,1085.4400000000005,11509.13132596685,32.93,238.11,205.18,98.27336095764272,6,44.613259668508285
fbd68d27,1588,10572.95,11366.45,793.5,10969.699999999999,22.82,168.04,145.22,76.55952141057935,6,23.929471032745592
fc03f21f,2109,10997.9,12051.84,1053.9400000000005,11524.880768136558,32.93,238.11,205.18,97.94235656709341,6,42.95874822190612
fc0d20b2,1039,10362.64,10881.6,518.960000000001,10622.111645813282,26.08,142.61999999999998,116.53999999999998,66.61935514918191,13,0.0
fcfcc902,1962,10611.45,11591.95,980.5,11101.7,25.9,147.32,121.41999999999999,85.05190112130478,6,40.87665647298675
fd3b4faa,2174,10451.44,11537.41,1085.9699999999993,10994.491678932844,28.58,224.14,195.56,95.49114075436982,6,44.434222631094755
fd710aea,1906,11414.45,12366.95,952.5,11890.7,31.86,215.44,183.57999999999998,92.27275970619098,6,46.27492130115425
fd8f77fa,2054,10511.43,11537.41,1025.9799999999996,11024.48029211295,28.58,224.14,195.56,93.81903602726386,6,41.187925998052584
fde20ecf,2013,11175.95,12181.95,1006.0,11678.95,34.4,156.51999999999998,122.11999999999998,80.92301539990065,10,39.54297069051167
fdfd57da,2333,10371.96,11537.41,1165.4500000000007,10954.756103729105,28.58,224.14,195.56,97.09653236176597,6,48.221174453493354
febb4411,2384,11683.35,12874.68,1191.33,12279.015012583892,27.93,198.11,170.18,94.0775293624161,6,51.55201342281879
fef8af96,1316,10487.85,11145.28,657.4300000000003,10816.576170212766,23.41,153.88,130.47,68.44032674772036,7,11.094224924012158
ff0aea78,1820,10961.95,11871.45,909.5,11416.7,28.66,195.42,166.76,91.75048901098901,10,45.21978021978022
ff8bb73a,3870,10365.79,11331.96,966.1699999999983,10848.923906976745,22.58,196.86,174.28000000000003,88.8269173126615,6,38.34625322997416
ffefef30,2014,11975.45,12981.95,1006.5,12478.700000000003,28.29,176.98999999999998,148.7,85.96297418073485,6,44.63753723932473
